0,1,2,3,4,5,6,7,8,9,10,11,12,13,14,15,16,17,18,19,20,21,22,23,24,25,26,27,28,29,30
0.0,0.0,0.0,0.0,0.0,0.0,0.0,0.0,0.0,0.0,0.0,0.0,0.0,0.0,0.0,0.0,0.0,0.0,0.0,0.0,0.0,0.0,0.0,0.0,0.0,0.0,0.59,0.63,0.0,0.0,1.0
0.0,0.0,0.0,0.0,0.0,0.0,0.0,0.0,0.0,0.0,0.0,0.0,0.0,0.0,0.0,0.0,0.0,0.0,0.0,0.0,0.0,0.0,0.0,0.0,0.0,0.0,0.59,0.63,0.0,0.0,1.0
0.0,0.0,0.0,0.0,0.0,0.0,0.0,0.0,0.0,0.0,0.0,0.0,0.0,0.0,0.59,0.63,0.0,0.0,0.0,0.0,0.0,0.0,0.0,0.0,0.0,0.0,0.59,0.65,0.0,0.0,1.0
0.0,0.0,0.0,0.0,0.0,0.0,0.0,0.0,0.0,0.0,0.0,0.0,0.0,0.0,0.0,0.0,0.0,0.0,0.0,0.0,0.0,0.0,0.0,0.0,0.0,0.0,0.59,0.63,0.0,0.0,1.0
0.0,0.0,0.0,0.0,0.0,0.0,0.0,0.0,0.0,0.0,0.0,0.0,0.0,0.0,0.0,0.0,0.0,0.0,0.0,0.0,0.59,0.63,0.0,0.0,0.0,0.0,0.59,0.63,0.0,0.0,1.0
0.0,0.0,0.0,0.0,0.0,0.0,0.0,0.0,0.0,0.0,0.0,0.0,0.0,0.0,0.0,0.0,0.0,0.0,0.0,0.0,0.0,0.0,0.0,0.0,0.0,0.0,0.59,0.63,0.0,0.0,1.0
0.0,0.0,0.0,0.0,0.0,0.0,0.0,0.0,0.0,0.0,0.0,0.0,0.0,0.0,0.0,0.0,0.0,0.0,0.0,0.0,0.0,0.0,0.0,0.0,0.0,0.0,0.0,0.0,0.0,0.0,1.0
0.0,0.0,0.0,0.0,0.0,0.0,0.0,0.0,0.0,0.0,0.0,0.0,0.0,0.0,0.0,0.0,0.0,0.0,0.0,0.0,0.0,0.0,0.0,0.0,0.0,0.0,0.0,0.0,0.0,0.0,1.0
0.0,0.0,0.0,0.0,0.0,0.0,0.0,0.0,0.0,0.0,0.0,0.0,0.0,0.0,0.0,0.0,0.0,0.0,0.0,0.0,0.0,0.0,0.0,0.0,0.0,0.0,0.0,0.0,0.0,0.0,1.0
0.0,0.0,0.0,0.0,0.0,0.0,0.0,0.0,0.0,0.0,0.0,0.0,0.0,0.0,0.0,0.0,0.0,0.0,0.0,0.0,0.0,0.0,0.0,0.0,0.0,0.0,0.59,0.63,0.0,0.0,1.0
0.0,0.0,0.0,0.0,0.0,0.0,0.0,0.0,0.0,0.0,0.0,0.0,0.0,0.0,0.0,0.0,0.0,0.0,0.0,0.0,0.59,0.65,0.0,0.0,0.0,0.0,0.59,0.63,0.0,0.0,1.0
0.0,0.0,0.0,0.0,0.0,0.0,0.0,0.0,0.0,0.0,0.0,0.0,0.0,0.0,0.0,0.0,0.0,0.0,0.0,0.0,0.0,0.0,0.0,0.0,0.0,0.0,0.59,0.63,0.0,0.0,1.0
0.0,0.0,0.0,0.0,0.0,0.0,0.0,0.0,0.0,0.0,0.0,0.0,0.0,0.0,0.0,0.0,0.0,0.0,0.0,0.0,0.0,0.0,0.0,0.0,0.0,0.0,0.59,0.63,0.0,0.0,1.0
0.0,0.0,0.0,0.0,0.0,0.0,0.0,0.0,0.0,0.0,0.0,0.0,0.0,0.0,0.59,0.61,0.0,0.0,0.0,0.0,0.0,0.0,0.0,0.0,0.0,0.0,0.59,0.63,0.0,0.0,1.0
0.0,0.0,0.0,0.0,0.0,0.0,0.0,0.0,0.0,0.0,0.0,0.0,0.0,0.0,0.0,0.0,0.0,0.0,0.0,0.0,0.0,0.0,0.0,0.0,0.0,0.0,0.59,0.63,0.0,0.0,1.0
0.0,0.0,0.0,0.0,0.0,0.0,0.0,0.0,0.0,0.0,0.0,0.0,0.0,0.0,0.0,0.0,0.0,0.0,0.0,0.0,0.0,0.0,0.0,0.0,0.0,0.0,0.59,0.63,0.0,0.0,1.0
0.0,0.0,0.0,0.0,0.0,0.0,0.0,0.0,0.0,0.0,0.0,0.0,0.0,0.0,0.0,0.0,0.0,0.0,0.0,0.0,0.0,0.0,0.0,0.0,0.0,0.0,0.0,0.0,0.0,0.0,1.0
0.0,0.0,0.0,0.0,0.0,0.0,0.0,0.0,0.0,0.0,0.0,0.0,0.0,0.0,0.0,0.0,0.0,0.0,0.0,0.0,0.46,0.7,0.0,0.0,0.0,0.0,0.59,0.63,0.0,0.0,1.0
0.0,0.0,0.0,0.0,0.0,0.0,0.0,0.0,0.0,0.0,0.0,0.0,0.0,0.0,0.0,0.0,0.0,0.0,0.0,0.0,0.59,0.63,0.0,0.0,0.0,0.0,0.59,0.63,0.0,0.0,1.0
0.0,0.0,0.0,0.0,0.0,0.0,0.0,0.0,0.0,0.0,0.0,0.0,0.0,0.0,0.0,0.0,0.0,0.0,0.0,0.0,0.0,0.0,0.0,0.0,0.0,0.0,0.0,0.0,0.0,0.0,1.0
0.0,0.0,0.0,0.0,0.0,0.0,0.0,0.0,0.0,0.0,0.0,0.0,0.0,0.0,0.0,0.0,0.0,0.0,0.0,0.0,0.0,0.0,0.0,0.0,0.0,0.0,0.0,0.0,0.0,0.0,1.0
0.0,0.0,0.0,0.0,0.0,0.0,0.0,0.0,0.0,0.0,0.0,0.0,0.0,0.0,0.0,0.0,0.0,0.0,0.0,0.0,0.59,0.63,0.0,0.0,0.0,0.0,0.59,0.63,0.0,0.0,1.0
0.0,0.0,0.0,0.0,0.0,0.0,0.0,0.0,0.0,0.0,0.0,0.0,0.0,0.0,0.0,0.0,0.0,0.0,0.0,0.0,0.0,0.0,0.0,0.0,0.0,0.0,0.59,0.63,0.0,0.0,1.0
0.0,0.0,0.0,0.0,0.0,0.0,0.0,0.0,0.0,0.0,0.0,0.0,0.0,0.0,0.0,0.0,0.0,0.0,0.0,0.0,0.61,0.63,0.0,0.0,0.0,0.0,0.0,0.0,0.0,0.0,1.0
0.0,0.0,0.0,0.0,0.0,0.0,0.0,0.0,0.0,0.0,0.0,0.0,0.0,0.0,0.0,0.0,0.0,0.0,0.0,0.0,0.61,0.63,0.0,0.0,0.0,0.0,0.0,0.0,0.0,0.0,1.0
0.0,0.0,0.0,0.0,0.0,0.0,0.0,0.0,0.0,0.0,0.0,0.0,0.0,0.0,0.0,0.0,0.5,0.46,0.0,0.0,0.0,0.0,0.0,0.0,0.0,0.0,0.0,0.0,0.0,0.0,1.0
0.0,0.0,0.0,0.0,0.0,0.0,0.0,0.0,0.0,0.0,0.0,0.0,0.0,0.0,0.0,0.0,0.0,0.0,0.0,0.0,0.59,0.63,0.0,0.0,0.0,0.0,0.59,0.63,0.0,0.0,1.0
0.0,0.0,0.0,0.0,0.0,0.0,0.0,0.0,0.0,0.0,0.0,0.0,0.0,0.0,0.0,0.0,0.5,0.46,0.0,0.0,0.0,0.0,0.0,0.0,0.0,0.0,0.0,0.0,0.0,0.0,1.0
0.0,0.0,0.0,0.0,0.0,0.0,0.0,0.0,0.0,0.0,0.0,0.0,0.0,0.0,0.0,0.0,0.5,0.46,0.0,0.0,0.0,0.0,0.0,0.0,0.0,0.0,0.0,0.0,0.0,0.0,1.0
0.0,0.0,0.0,0.0,0.0,0.0,0.0,0.0,0.0,0.0,0.0,0.0,0.0,0.0,0.0,0.0,0.0,0.0,0.0,0.0,0.0,0.0,0.0,0.0,0.0,0.0,0.0,0.0,0.0,0.0,1.0
0.0,0.0,0.0,0.0,0.0,0.0,0.0,0.0,0.0,0.0,0.0,0.0,0.0,0.0,0.0,0.0,0.0,0.0,0.0,0.0,0.0,0.0,0.0,0.0,0.0,0.0,0.59,0.63,0.0,0.0,1.0
0.0,0.0,0.0,0.0,0.0,0.0,0.0,0.0,0.0,0.0,0.0,0.0,0.0,0.0,0.0,0.0,0.0,0.0,0.0,0.0,0.0,0.0,0.0,0.0,0.0,0.0,0.0,0.0,0.0,0.0,1.0
0.0,0.0,0.0,0.0,0.0,0.0,0.0,0.0,0.0,0.0,0.0,0.0,0.0,0.0,0.0,0.0,0.5,0.46,0.0,0.0,0.59,0.63,0.0,0.0,0.0,0.0,0.59,0.63,0.0,0.0,1.0
0.0,0.0,0.0,0.0,0.0,0.0,0.0,0.0,0.0,0.0,0.0,0.0,0.0,0.0,0.0,0.0,0.0,0.0,0.0,0.0,0.0,0.0,0.0,0.0,0.0,0.0,0.0,0.0,0.0,0.0,1.0
0.0,0.0,0.0,0.0,0.0,0.0,0.0,0.0,0.0,0.0,0.0,0.0,0.0,0.0,0.0,0.0,0.5,0.46,0.0,0.0,0.59,0.63,0.0,0.0,0.0,0.0,0.59,0.63,0.0,0.0,1.0
0.0,0.0,0.0,0.0,0.7,0.33,0.0,0.0,0.0,0.0,0.0,0.0,0.0,0.0,0.0,0.0,0.0,0.0,0.0,0.0,0.0,0.0,0.0,0.0,0.0,0.0,0.59,0.63,0.0,0.0,1.0
0.0,0.0,0.0,0.0,0.0,0.0,0.0,0.0,0.0,0.0,0.0,0.0,0.0,0.0,0.0,0.0,0.0,0.0,0.0,0.0,0.0,0.0,0.0,0.0,0.0,0.0,0.59,0.63,0.0,0.0,1.0
0.0,0.0,0.0,0.0,0.0,0.0,0.0,0.0,0.0,0.0,0.0,0.0,0.0,0.0,0.0,0.0,0.0,0.0,0.0,0.0,0.61,0.63,0.0,0.0,0.0,0.0,0.0,0.0,0.0,0.0,1.0
0.0,0.0,0.0,0.0,0.0,0.0,0.0,0.0,0.0,0.0,0.0,0.0,0.0,0.0,0.0,0.0,0.0,0.0,0.0,0.0,0.0,0.0,0.0,0.0,0.0,0.0,0.59,0.63,0.0,0.0,1.0
0.0,0.0,0.0,0.0,0.0,0.0,0.0,0.0,0.0,0.0,0.0,0.0,0.0,0.0,0.0,0.0,0.0,0.0,0.0,0.0,0.0,0.0,0.0,0.0,0.0,0.0,0.59,0.63,0.0,0.0,1.0
0.0,0.0,0.52,0.43,0.0,0.0,0.0,0.0,0.0,0.0,0.0,0.0,0.0,0.0,0.0,0.0,0.5,0.46,0.0,0.0,0.0,0.0,0.0,0.0,0.0,0.0,0.0,0.0,0.0,0.0,1.0
0.0,0.0,0.0,0.0,0.0,0.0,0.0,0.0,0.0,0.0,0.0,0.0,0.0,0.0,0.0,0.0,0.0,0.0,0.0,0.0,0.0,0.0,0.0,0.0,0.0,0.0,0.59,0.63,0.0,0.0,1.0
0.0,0.0,0.0,0.0,0.3,0.35,0.0,0.0,0.0,0.0,0.0,0.0,0.37,0.43,0.0,0.0,0.5,0.46,0.0,0.0,0.0,0.0,0.48,0.46,0.0,0.0,0.59,0.63,0.0,0.0,1.0
0.0,0.0,0.0,0.0,0.0,0.0,0.0,0.0,0.0,0.0,0.0,0.0,0.0,0.0,0.61,0.61,0.0,0.0,0.0,0.0,0.0,0.0,0.0,0.0,0.0,0.0,0.59,0.63,0.0,0.0,1.0
0.0,0.0,0.52,0.43,0.0,0.0,0.0,0.0,0.0,0.0,0.0,0.0,0.0,0.0,0.0,0.0,0.0,0.0,0.0,0.0,0.0,0.0,0.0,0.0,0.0,0.0,0.0,0.0,0.0,0.0,1.0
0.0,0.0,0.0,0.0,0.0,0.0,0.0,0.0,0.0,0.0,0.0,0.0,0.0,0.0,0.0,0.0,0.0,0.0,0.0,0.0,0.0,0.0,0.0,0.0,0.0,0.0,0.59,0.63,0.0,0.0,1.0
0.0,0.0,0.0,0.0,0.0,0.0,0.0,0.0,0.0,0.0,0.0,0.0,0.0,0.0,0.0,0.0,0.0,0.0,0.0,0.0,0.59,0.63,0.0,0.0,0.0,0.0,0.59,0.63,0.0,0.0,1.0
0.0,0.0,0.0,0.0,0.0,0.0,0.0,0.0,0.0,0.0,0.0,0.0,0.0,0.0,0.0,0.0,0.0,0.0,0.0,0.0,0.0,0.0,0.0,0.0,0.0,0.0,0.59,0.63,0.0,0.0,1.0
0.0,0.0,0.0,0.0,0.0,0.0,0.0,0.0,0.0,0.0,0.0,0.0,0.0,0.0,0.0,0.0,0.48,0.46,0.0,0.0,0.0,0.0,0.48,0.46,0.0,0.0,0.0,0.0,0.0,0.0,1.0
0.0,0.0,0.0,0.0,0.0,0.0,0.0,0.0,0.0,0.0,0.0,0.0,0.0,0.0,0.0,0.0,0.0,0.0,0.0,0.0,0.61,0.63,0.0,0.0,0.0,0.0,0.0,0.0,0.0,0.0,1.0
0.0,0.0,0.0,0.0,0.0,0.0,0.0,0.0,0.0,0.0,0.0,0.0,0.0,0.0,0.0,0.0,0.3,0.35,0.0,0.0,0.0,0.0,0.33,0.35,0.0,0.0,0.0,0.0,0.0,0.0,1.0
0.0,0.0,0.0,0.0,0.35,0.33,0.0,0.0,0.0,0.0,0.0,0.0,0.65,0.46,0.0,0.0,0.48,0.48,0.0,0.0,0.0,0.0,0.48,0.48,0.0,0.0,0.0,0.0,0.39,0.39,1.0
0.0,0.0,0.0,0.0,0.0,0.0,0.0,0.0,0.0,0.0,0.0,0.0,0.0,0.0,0.0,0.0,0.0,0.0,0.0,0.0,0.0,0.0,0.0,0.0,0.0,0.0,0.0,0.0,0.0,0.0,1.0
0.0,0.0,0.0,0.0,0.0,0.0,0.0,0.0,0.0,0.0,0.0,0.0,0.0,0.0,0.0,0.0,0.5,0.46,0.0,0.0,0.0,0.0,0.0,0.0,0.0,0.0,0.0,0.0,0.0,0.0,1.0
0.0,0.0,0.0,0.0,0.0,0.0,0.0,0.0,0.0,0.0,0.0,0.0,0.0,0.0,0.0,0.0,0.0,0.0,0.0,0.0,0.0,0.0,0.0,0.0,0.0,0.0,0.0,0.0,0.0,0.0,1.0
0.0,0.0,0.0,0.0,0.0,0.0,0.0,0.0,0.0,0.0,0.0,0.0,0.0,0.0,0.0,0.0,0.48,0.46,0.0,0.0,0.0,0.0,0.0,0.0,0.0,0.0,0.61,0.63,0.0,0.0,1.0
0.0,0.0,0.0,0.0,0.0,0.0,0.0,0.0,0.0,0.0,0.0,0.0,0.0,0.0,0.0,0.0,0.0,0.0,0.0,0.0,0.59,0.63,0.0,0.0,0.35,0.33,0.59,0.63,0.0,0.0,1.0
0.0,0.0,0.0,0.0,0.0,0.0,0.0,0.0,0.0,0.0,0.0,0.0,0.0,0.0,0.0,0.0,0.0,0.0,0.0,0.0,0.0,0.0,0.0,0.0,0.0,0.0,0.0,0.0,0.0,0.0,1.0
0.0,0.0,0.0,0.0,0.0,0.0,0.0,0.0,0.0,0.0,0.0,0.0,0.0,0.0,0.0,0.0,0.0,0.0,0.0,0.0,0.61,0.63,0.0,0.0,0.0,0.0,0.0,0.0,0.0,0.0,1.0
0.0,0.0,0.0,0.0,0.0,0.0,0.0,0.0,0.0,0.0,0.0,0.0,0.0,0.0,0.0,0.0,0.0,0.0,0.0,0.0,0.0,0.0,0.0,0.0,0.0,0.0,0.0,0.0,0.0,0.0,1.0
0.0,0.0,0.0,0.0,0.0,0.0,0.0,0.0,0.0,0.0,0.0,0.0,0.0,0.0,0.0,0.0,0.0,0.0,0.0,0.0,0.61,0.63,0.0,0.0,0.0,0.0,0.0,0.0,0.0,0.0,1.0
0.0,0.0,0.0,0.0,0.0,0.0,0.0,0.0,0.0,0.0,0.0,0.0,0.0,0.0,0.0,0.0,0.0,0.0,0.0,0.0,0.0,0.0,0.0,0.0,0.0,0.0,0.0,0.0,0.0,0.0,1.0
0.0,0.0,0.0,0.0,0.0,0.0,0.0,0.0,0.0,0.0,0.0,0.0,0.0,0.0,0.0,0.0,0.0,0.0,0.0,0.0,0.0,0.0,0.0,0.0,0.0,0.0,0.0,0.0,0.0,0.0,1.0
0.0,0.0,0.0,0.0,0.0,0.0,0.0,0.0,0.0,0.0,0.0,0.0,0.0,0.0,0.0,0.0,0.0,0.0,0.0,0.0,0.61,0.63,0.0,0.0,0.0,0.0,0.0,0.0,0.0,0.0,1.0
0.0,0.0,0.0,0.0,0.0,0.0,0.0,0.0,0.0,0.0,0.0,0.0,0.0,0.0,0.0,0.0,0.0,0.0,0.0,0.0,0.0,0.0,0.0,0.0,0.0,0.0,0.0,0.0,0.0,0.0,1.0
0.0,0.0,0.0,0.0,0.0,0.0,0.0,0.0,0.0,0.0,0.0,0.0,0.0,0.0,0.0,0.0,0.0,0.0,0.0,0.0,0.61,0.63,0.0,0.0,0.0,0.0,0.0,0.0,0.0,0.0,1.0
0.0,0.0,0.0,0.0,0.0,0.0,0.0,0.0,0.0,0.0,0.0,0.0,0.0,0.0,0.0,0.0,0.0,0.0,0.0,0.0,0.0,0.0,0.0,0.0,0.0,0.0,0.0,0.0,0.0,0.0,1.0
0.0,0.0,0.52,0.46,0.0,0.0,0.0,0.0,0.0,0.0,0.0,0.0,0.0,0.0,0.0,0.0,0.61,0.48,0.65,0.46,0.0,0.0,0.0,0.0,0.0,0.0,0.59,0.63,0.0,0.0,1.0
0.0,0.0,0.0,0.0,0.0,0.0,0.0,0.0,0.0,0.0,0.0,0.0,0.0,0.0,0.0,0.0,0.0,0.0,0.0,0.0,0.0,0.0,0.0,0.0,0.0,0.0,0.59,0.63,0.0,0.0,1.0
0.0,0.0,0.0,0.0,0.0,0.0,0.0,0.0,0.0,0.0,0.0,0.0,0.0,0.0,0.0,0.0,0.0,0.0,0.0,0.0,0.0,0.0,0.0,0.0,0.0,0.0,0.59,0.63,0.0,0.0,1.0
0.0,0.0,0.0,0.0,0.0,0.0,0.0,0.0,0.0,0.0,0.0,0.0,0.0,0.0,0.0,0.0,0.0,0.0,0.0,0.0,0.0,0.0,0.0,0.0,0.0,0.0,0.0,0.0,0.0,0.0,1.0
0.0,0.0,0.0,0.0,0.0,0.0,0.0,0.0,0.0,0.0,0.0,0.0,0.0,0.0,0.0,0.0,0.0,0.0,0.0,0.0,0.61,0.63,0.0,0.0,0.0,0.0,0.0,0.0,0.0,0.0,1.0
0.0,0.0,0.0,0.0,0.26,0.35,0.0,0.0,0.0,0.0,0.26,0.37,0.0,0.0,0.0,0.0,0.0,0.0,0.0,0.0,0.0,0.0,0.35,0.35,0.0,0.0,0.59,0.63,0.0,0.0,1.0
0.0,0.0,0.0,0.0,0.0,0.0,0.0,0.0,0.0,0.0,0.0,0.0,0.0,0.0,0.0,0.0,0.0,0.0,0.0,0.0,0.0,0.0,0.0,0.0,0.0,0.0,0.0,0.0,0.0,0.0,1.0
0.0,0.0,0.52,0.43,0.0,0.0,0.0,0.0,0.0,0.0,0.0,0.0,0.0,0.0,0.0,0.0,0.0,0.0,0.0,0.0,0.0,0.0,0.0,0.0,0.0,0.0,0.59,0.63,0.0,0.0,1.0
0.0,0.0,0.52,0.43,0.0,0.0,0.0,0.0,0.0,0.0,0.0,0.0,0.0,0.0,0.0,0.0,0.0,0.0,0.0,0.0,0.0,0.0,0.0,0.0,0.0,0.0,0.0,0.0,0.0,0.0,1.0
0.0,0.0,0.0,0.0,0.0,0.0,0.0,0.0,0.0,0.0,0.0,0.0,0.0,0.0,0.0,0.0,0.0,0.0,0.0,0.0,0.59,0.63,0.0,0.0,0.0,0.0,0.59,0.63,0.0,0.0,1.0
0.0,0.0,0.0,0.0,0.0,0.0,0.0,0.0,0.0,0.0,0.0,0.0,0.0,0.0,0.0,0.0,0.0,0.0,0.0,0.0,0.0,0.0,0.0,0.0,0.0,0.0,0.0,0.0,0.0,0.0,1.0
0.0,0.0,0.0,0.0,0.0,0.0,0.0,0.0,0.0,0.0,0.0,0.0,0.0,0.0,0.0,0.0,0.0,0.0,0.0,0.0,0.0,0.0,0.0,0.0,0.0,0.0,0.0,0.0,0.0,0.0,1.0
0.0,0.0,0.0,0.0,0.0,0.0,0.0,0.0,0.0,0.0,0.0,0.0,0.0,0.0,0.0,0.0,0.0,0.0,0.0,0.0,0.0,0.0,0.0,0.0,0.0,0.0,0.0,0.0,0.0,0.0,1.0
0.0,0.0,0.0,0.0,0.0,0.0,0.0,0.0,0.0,0.0,0.0,0.0,0.0,0.0,0.0,0.0,0.0,0.0,0.0,0.0,0.59,0.63,0.0,0.0,0.26,0.39,0.61,0.63,0.0,0.0,1.0
0.0,0.0,0.22,0.2,0.24,0.2,0.2,0.28,0.22,0.46,0.22,0.2,0.2,0.3,0.0,0.0,0.24,0.33,0.26,0.39,0.24,0.46,0.26,0.33,0.26,0.39,0.59,0.63,0.24,0.26,1.0
0.24,0.11,0.24,0.17,0.2,0.22,0.2,0.3,0.2,0.37,0.24,0.2,0.26,0.26,0.28,0.3,0.22,0.33,0.26,0.39,0.22,0.41,0.26,0.33,0.26,0.39,0.24,0.46,0.24,0.26,1.0
0.24,0.15,0.24,0.2,0.22,0.22,0.2,0.3,0.2,0.37,0.24,0.2,0.28,0.26,0.28,0.3,0.24,0.33,0.26,0.41,0.24,0.48,0.26,0.33,0.26,0.39,0.24,0.48,0.24,0.26,1.0
0.24,0.13,0.24,0.2,0.26,0.2,0.2,0.3,0.28,0.3,0.22,0.22,0.2,0.3,0.2,0.39,0.26,0.33,0.26,0.41,0.26,0.5,0.26,0.33,0.26,0.41,0.26,0.48,0.24,0.26,1.0
0.24,0.13,0.24,0.2,0.22,0.22,0.2,0.3,0.2,0.35,0.26,0.2,0.3,0.24,0.28,0.3,0.24,0.33,0.26,0.41,0.26,0.5,0.26,0.33,0.26,0.41,0.28,0.5,0.24,0.26,1.0
0.26,0.13,0.24,0.2,0.22,0.22,0.2,0.3,0.22,0.39,0.26,0.2,0.3,0.26,0.3,0.28,0.24,0.35,0.24,0.43,0.24,0.5,0.26,0.35,0.28,0.43,0.28,0.52,0.24,0.28,1.0
0.26,0.13,0.24,0.22,0.22,0.24,0.22,0.33,0.22,0.39,0.28,0.22,0.3,0.26,0.3,0.3,0.24,0.35,0.24,0.43,0.0,0.0,0.28,0.35,0.28,0.43,0.28,0.52,0.24,0.28,1.0
0.28,0.15,0.26,0.22,0.22,0.24,0.22,0.33,0.22,0.41,0.28,0.22,0.3,0.28,0.3,0.33,0.24,0.35,0.26,0.43,0.0,0.0,0.28,0.35,0.28,0.43,0.3,0.52,0.26,0.28,1.0
0.28,0.15,0.26,0.22,0.22,0.24,0.22,0.33,0.22,0.39,0.28,0.22,0.28,0.28,0.3,0.33,0.24,0.35,0.24,0.43,0.24,0.5,0.28,0.35,0.28,0.43,0.28,0.52,0.26,0.28,1.0
0.3,0.17,0.26,0.24,0.24,0.24,0.22,0.33,0.24,0.41,0.3,0.22,0.3,0.28,0.3,0.33,0.24,0.35,0.26,0.43,0.26,0.52,0.28,0.35,0.28,0.43,0.3,0.52,0.26,0.28,1.0
0.3,0.2,0.26,0.24,0.24,0.24,0.22,0.35,0.24,0.41,0.28,0.22,0.3,0.28,0.33,0.3,0.24,0.35,0.26,0.43,0.24,0.5,0.28,0.35,0.3,0.43,0.3,0.52,0.26,0.28,1.0
0.3,0.15,0.28,0.24,0.24,0.24,0.22,0.33,0.24,0.41,0.3,0.22,0.3,0.28,0.33,0.3,0.26,0.35,0.26,0.43,0.24,0.52,0.28,0.35,0.3,0.43,0.3,0.52,0.26,0.28,1.0
0.3,0.15,0.28,0.24,0.24,0.24,0.24,0.33,0.24,0.41,0.3,0.22,0.3,0.28,0.3,0.17,0.26,0.37,0.26,0.43,0.24,0.52,0.3,0.35,0.3,0.43,0.3,0.54,0.28,0.3,1.0
0.3,0.15,0.28,0.24,0.26,0.24,0.24,0.35,0.24,0.41,0.3,0.22,0.3,0.28,0.33,0.3,0.26,0.37,0.28,0.46,0.24,0.52,0.3,0.37,0.3,0.46,0.3,0.54,0.28,0.3,1.0
0.33,0.17,0.28,0.24,0.26,0.26,0.24,0.33,0.24,0.41,0.33,0.24,0.39,0.24,0.33,0.2,0.28,0.37,0.3,0.46,0.3,0.54,0.3,0.35,0.33,0.43,0.3,0.54,0.28,0.3,1.0
0.3,0.15,0.3,0.24,0.26,0.26,0.24,0.35,0.24,0.41,0.33,0.22,0.39,0.24,0.46,0.26,0.28,0.37,0.3,0.46,0.3,0.54,0.3,0.35,0.33,0.43,0.3,0.54,0.3,0.3,1.0
0.33,0.15,0.3,0.24,0.26,0.26,0.24,0.35,0.26,0.41,0.33,0.24,0.39,0.24,0.35,0.33,0.28,0.37,0.3,0.46,0.3,0.54,0.33,0.37,0.3,0.46,0.3,0.54,0.3,0.3,1.0
0.33,0.15,0.3,0.24,0.26,0.26,0.24,0.33,0.26,0.41,0.35,0.24,0.35,0.28,0.35,0.33,0.28,0.37,0.3,0.46,0.26,0.52,0.33,0.37,0.3,0.46,0.3,0.54,0.3,0.3,1.0
0.33,0.15,0.3,0.24,0.28,0.26,0.26,0.35,0.26,0.41,0.35,0.24,0.41,0.24,0.48,0.28,0.28,0.37,0.3,0.46,0.28,0.52,0.33,0.37,0.33,0.46,0.28,0.52,0.3,0.3,1.0
0.35,0.15,0.33,0.24,0.28,0.26,0.26,0.35,0.26,0.41,0.35,0.24,0.35,0.3,0.37,0.35,0.28,0.37,0.3,0.46,0.28,0.54,0.33,0.37,0.33,0.46,0.3,0.54,0.3,0.3,1.0
0.35,0.15,0.33,0.24,0.28,0.26,0.26,0.35,0.26,0.43,0.35,0.26,0.37,0.3,0.39,0.35,0.28,0.37,0.3,0.48,0.3,0.57,0.33,0.37,0.33,0.48,0.3,0.54,0.3,0.33,1.0
0.35,0.17,0.33,0.24,0.28,0.26,0.26,0.35,0.28,0.43,0.35,0.24,0.37,0.3,0.39,0.37,0.3,0.39,0.33,0.48,0.3,0.59,0.33,0.37,0.33,0.48,0.3,0.57,0.33,0.33,1.0
0.35,0.17,0.33,0.26,0.28,0.26,0.28,0.35,0.28,0.43,0.37,0.26,0.37,0.3,0.39,0.37,0.3,0.39,0.3,0.5,0.33,0.61,0.33,0.39,0.33,0.5,0.33,0.61,0.33,0.33,1.0
0.35,0.17,0.33,0.26,0.3,0.28,0.28,0.35,0.28,0.43,0.37,0.26,0.37,0.3,0.39,0.37,0.3,0.39,0.33,0.52,0.35,0.61,0.33,0.39,0.33,0.5,0.35,0.61,0.33,0.33,1.0
0.37,0.17,0.35,0.26,0.3,0.28,0.28,0.37,0.28,0.43,0.37,0.26,0.37,0.33,0.41,0.37,0.3,0.39,0.33,0.52,0.35,0.61,0.35,0.39,0.33,0.52,0.35,0.61,0.33,0.33,1.0
0.37,0.17,0.35,0.26,0.3,0.28,0.28,0.37,0.3,0.46,0.37,0.26,0.39,0.33,0.41,0.37,0.33,0.41,0.35,0.52,0.37,0.61,0.35,0.41,0.35,0.5,0.37,0.61,0.33,0.35,1.0
0.37,0.17,0.35,0.26,0.3,0.28,0.3,0.39,0.3,0.46,0.37,0.26,0.39,0.33,0.41,0.37,0.33,0.41,0.35,0.52,0.3,0.54,0.37,0.39,0.35,0.52,0.37,0.61,0.35,0.35,1.0
0.39,0.2,0.35,0.28,0.3,0.3,0.3,0.39,0.3,0.48,0.37,0.26,0.39,0.33,0.41,0.39,0.33,0.41,0.33,0.5,0.3,0.54,0.37,0.41,0.37,0.5,0.37,0.63,0.35,0.35,1.0
0.39,0.2,0.37,0.28,0.33,0.3,0.3,0.41,0.3,0.48,0.39,0.26,0.43,0.26,0.48,0.28,0.33,0.43,0.33,0.52,0.0,0.0,0.37,0.41,0.39,0.5,0.0,0.0,0.35,0.35,1.0
0.39,0.2,0.37,0.28,0.33,0.3,0.33,0.39,0.33,0.48,0.39,0.28,0.46,0.26,0.41,0.24,0.33,0.43,0.37,0.52,0.37,0.63,0.37,0.43,0.37,0.52,0.37,0.63,0.35,0.37,1.0
0.41,0.2,0.37,0.28,0.33,0.3,0.33,0.41,0.33,0.5,0.39,0.26,0.46,0.26,0.48,0.28,0.35,0.43,0.37,0.52,0.37,0.63,0.39,0.41,0.37,0.52,0.3,0.57,0.37,0.35,1.0
0.41,0.2,0.37,0.28,0.35,0.3,0.33,0.37,0.35,0.41,0.39,0.28,0.39,0.35,0.41,0.39,0.35,0.41,0.37,0.52,0.37,0.61,0.37,0.41,0.37,0.52,0.37,0.61,0.37,0.35,1.0
0.41,0.2,0.37,0.28,0.35,0.3,0.35,0.41,0.35,0.5,0.39,0.28,0.39,0.35,0.41,0.39,0.37,0.43,0.37,0.52,0.37,0.63,0.37,0.43,0.37,0.52,0.37,0.61,0.37,0.37,1.0
0.41,0.2,0.39,0.28,0.35,0.3,0.35,0.41,0.35,0.5,0.41,0.28,0.39,0.35,0.41,0.41,0.37,0.43,0.37,0.54,0.37,0.63,0.39,0.43,0.37,0.52,0.33,0.54,0.37,0.37,1.0
0.41,0.2,0.39,0.28,0.37,0.3,0.35,0.41,0.37,0.52,0.41,0.28,0.46,0.26,0.46,0.26,0.37,0.43,0.37,0.52,0.37,0.63,0.39,0.43,0.39,0.5,0.35,0.54,0.39,0.37,1.0
0.43,0.2,0.39,0.28,0.37,0.3,0.37,0.43,0.39,0.52,0.41,0.28,0.46,0.26,0.48,0.28,0.37,0.46,0.39,0.54,0.37,0.63,0.39,0.43,0.41,0.52,0.37,0.57,0.39,0.37,1.0
0.43,0.2,0.39,0.28,0.37,0.3,0.37,0.43,0.39,0.52,0.41,0.3,0.39,0.37,0.39,0.52,0.37,0.46,0.37,0.52,0.37,0.63,0.39,0.43,0.39,0.5,0.37,0.57,0.39,0.37,1.0
0.46,0.2,0.41,0.28,0.39,0.28,0.37,0.43,0.41,0.52,0.41,0.3,0.39,0.39,0.41,0.43,0.39,0.46,0.37,0.54,0.0,0.0,0.39,0.43,0.39,0.52,0.37,0.63,0.39,0.37,1.0
0.46,0.22,0.41,0.3,0.39,0.3,0.37,0.35,0.37,0.41,0.41,0.3,0.41,0.35,0.41,0.41,0.39,0.43,0.39,0.52,0.37,0.61,0.39,0.43,0.39,0.5,0.41,0.54,0.41,0.37,1.0
0.46,0.22,0.41,0.28,0.39,0.3,0.39,0.43,0.43,0.52,0.41,0.3,0.41,0.39,0.43,0.41,0.39,0.46,0.39,0.54,0.37,0.63,0.41,0.43,0.41,0.52,0.0,0.0,0.41,0.37,1.0
0.46,0.22,0.41,0.3,0.39,0.3,0.39,0.43,0.43,0.52,0.43,0.3,0.43,0.37,0.43,0.41,0.39,0.46,0.41,0.54,0.37,0.63,0.41,0.46,0.41,0.52,0.39,0.61,0.41,0.39,1.0
0.48,0.22,0.43,0.3,0.41,0.3,0.41,0.43,0.43,0.54,0.41,0.3,0.41,0.39,0.43,0.46,0.39,0.48,0.41,0.54,0.37,0.63,0.39,0.46,0.41,0.54,0.41,0.61,0.41,0.39,1.0
0.48,0.2,0.43,0.3,0.41,0.3,0.41,0.46,0.46,0.52,0.43,0.3,0.41,0.39,0.43,0.43,0.41,0.46,0.41,0.54,0.37,0.63,0.41,0.46,0.41,0.54,0.43,0.63,0.41,0.39,1.0
0.48,0.22,0.43,0.3,0.43,0.3,0.43,0.46,0.46,0.52,0.41,0.3,0.41,0.39,0.43,0.43,0.41,0.46,0.41,0.54,0.37,0.61,0.41,0.46,0.41,0.54,0.43,0.63,0.41,0.39,1.0
0.5,0.22,0.46,0.3,0.43,0.3,0.43,0.46,0.46,0.52,0.43,0.3,0.43,0.46,0.46,0.28,0.41,0.46,0.41,0.54,0.37,0.63,0.39,0.46,0.41,0.54,0.37,0.61,0.41,0.39,1.0
0.5,0.22,0.46,0.3,0.46,0.3,0.43,0.46,0.48,0.52,0.43,0.3,0.41,0.37,0.46,0.41,0.43,0.46,0.43,0.54,0.37,0.63,0.41,0.46,0.41,0.54,0.37,0.61,0.43,0.39,1.0
0.52,0.24,0.46,0.3,0.46,0.3,0.43,0.46,0.48,0.54,0.43,0.3,0.43,0.37,0.43,0.43,0.43,0.48,0.43,0.54,0.37,0.63,0.41,0.46,0.43,0.54,0.43,0.63,0.43,0.39,1.0
0.52,0.22,0.46,0.3,0.46,0.35,0.46,0.46,0.48,0.54,0.43,0.3,0.43,0.35,0.46,0.46,0.43,0.48,0.43,0.57,0.37,0.63,0.41,0.46,0.43,0.54,0.41,0.63,0.43,0.39,1.0
0.54,0.24,0.48,0.3,0.46,0.35,0.46,0.46,0.48,0.52,0.43,0.3,0.43,0.35,0.46,0.46,0.43,0.48,0.43,0.57,0.43,0.63,0.41,0.48,0.43,0.52,0.0,0.0,0.43,0.39,1.0
0.52,0.22,0.48,0.3,0.48,0.33,0.46,0.46,0.48,0.52,0.46,0.3,0.46,0.37,0.46,0.46,0.46,0.48,0.43,0.57,0.41,0.63,0.43,0.46,0.43,0.54,0.0,0.0,0.46,0.39,1.0
0.52,0.22,0.48,0.3,0.48,0.33,0.46,0.46,0.5,0.52,0.46,0.3,0.43,0.37,0.52,0.26,0.46,0.46,0.46,0.54,0.46,0.52,0.43,0.46,0.46,0.52,0.43,0.57,0.46,0.39,1.0
0.52,0.22,0.48,0.3,0.48,0.35,0.48,0.46,0.5,0.54,0.46,0.3,0.43,0.37,0.43,0.43,0.46,0.48,0.46,0.57,0.43,0.61,0.43,0.46,0.43,0.52,0.48,0.48,0.46,0.39,1.0
0.52,0.22,0.48,0.3,0.5,0.37,0.48,0.46,0.5,0.54,0.46,0.3,0.46,0.39,0.48,0.48,0.46,0.48,0.46,0.59,0.41,0.63,0.43,0.48,0.46,0.54,0.41,0.63,0.46,0.39,1.0
0.52,0.22,0.48,0.3,0.5,0.37,0.48,0.46,0.5,0.54,0.46,0.3,0.46,0.39,0.48,0.48,0.48,0.48,0.48,0.59,0.41,0.63,0.46,0.48,0.46,0.57,0.43,0.63,0.46,0.41,1.0
0.52,0.22,0.5,0.3,0.5,0.37,0.5,0.48,0.52,0.54,0.46,0.3,0.48,0.37,0.0,0.0,0.48,0.48,0.48,0.57,0.43,0.63,0.46,0.48,0.46,0.54,0.43,0.65,0.48,0.39,1.0
0.52,0.22,0.5,0.3,0.52,0.33,0.52,0.39,0.52,0.54,0.46,0.3,0.5,0.37,0.52,0.33,0.48,0.48,0.5,0.57,0.5,0.57,0.46,0.46,0.46,0.54,0.43,0.63,0.48,0.39,1.0
0.52,0.24,0.5,0.33,0.52,0.37,0.52,0.46,0.52,0.54,0.48,0.3,0.48,0.35,0.0,0.0,0.48,0.48,0.5,0.57,0.46,0.65,0.46,0.46,0.46,0.54,0.43,0.63,0.48,0.39,1.0
0.54,0.24,0.5,0.33,0.52,0.37,0.52,0.46,0.0,0.0,0.48,0.3,0.48,0.35,0.43,0.63,0.48,0.48,0.5,0.57,0.48,0.63,0.46,0.46,0.43,0.54,0.46,0.63,0.48,0.39,1.0
0.54,0.22,0.5,0.3,0.54,0.37,0.52,0.46,0.52,0.54,0.46,0.3,0.43,0.35,0.48,0.41,0.48,0.48,0.5,0.54,0.48,0.65,0.46,0.46,0.46,0.54,0.43,0.63,0.48,0.39,1.0
0.54,0.24,0.52,0.3,0.54,0.37,0.54,0.46,0.52,0.54,0.48,0.3,0.46,0.37,0.48,0.41,0.5,0.48,0.5,0.57,0.48,0.63,0.46,0.46,0.46,0.54,0.43,0.63,0.5,0.41,1.0
0.54,0.22,0.52,0.3,0.54,0.37,0.54,0.46,0.52,0.43,0.48,0.3,0.46,0.37,0.48,0.41,0.5,0.48,0.5,0.54,0.54,0.54,0.46,0.46,0.46,0.54,0.43,0.63,0.5,0.39,1.0
0.54,0.22,0.52,0.3,0.54,0.37,0.54,0.48,0.54,0.54,0.48,0.33,0.46,0.37,0.48,0.43,0.5,0.48,0.5,0.57,0.48,0.65,0.46,0.46,0.46,0.54,0.43,0.63,0.5,0.41,1.0
0.54,0.22,0.52,0.33,0.57,0.37,0.57,0.46,0.57,0.54,0.48,0.33,0.46,0.37,0.48,0.43,0.52,0.52,0.5,0.59,0.0,0.0,0.46,0.48,0.46,0.57,0.46,0.65,0.5,0.43,1.0
0.54,0.22,0.54,0.33,0.57,0.37,0.57,0.48,0.57,0.54,0.48,0.33,0.46,0.39,0.48,0.41,0.5,0.5,0.5,0.59,0.48,0.65,0.46,0.48,0.46,0.57,0.43,0.65,0.5,0.41,1.0
0.57,0.24,0.54,0.33,0.57,0.37,0.59,0.46,0.57,0.54,0.48,0.33,0.46,0.39,0.48,0.43,0.52,0.5,0.5,0.59,0.48,0.65,0.48,0.48,0.46,0.57,0.43,0.65,0.52,0.41,1.0
0.54,0.24,0.54,0.33,0.59,0.37,0.59,0.48,0.59,0.54,0.5,0.33,0.46,0.39,0.46,0.43,0.52,0.5,0.52,0.59,0.48,0.65,0.48,0.48,0.46,0.57,0.43,0.65,0.52,0.41,1.0
0.57,0.24,0.54,0.33,0.59,0.37,0.59,0.48,0.59,0.54,0.5,0.33,0.46,0.39,0.43,0.43,0.54,0.5,0.5,0.59,0.48,0.65,0.48,0.48,0.46,0.57,0.43,0.65,0.52,0.41,1.0
0.57,0.22,0.54,0.33,0.59,0.37,0.61,0.46,0.59,0.52,0.5,0.33,0.46,0.39,0.43,0.46,0.54,0.5,0.52,0.59,0.48,0.65,0.5,0.48,0.46,0.59,0.43,0.65,0.54,0.43,1.0
0.57,0.24,0.57,0.33,0.61,0.39,0.61,0.46,0.59,0.52,0.5,0.33,0.48,0.39,0.43,0.46,0.54,0.5,0.52,0.59,0.5,0.65,0.5,0.48,0.46,0.57,0.43,0.65,0.54,0.43,1.0
0.57,0.24,0.57,0.33,0.61,0.39,0.61,0.46,0.61,0.52,0.5,0.35,0.48,0.41,0.43,0.46,0.54,0.5,0.52,0.59,0.5,0.65,0.5,0.5,0.46,0.59,0.46,0.65,0.54,0.43,1.0
0.57,0.24,0.57,0.33,0.61,0.39,0.61,0.48,0.61,0.52,0.5,0.35,0.48,0.41,0.43,0.48,0.54,0.52,0.52,0.59,0.5,0.67,0.5,0.5,0.48,0.59,0.46,0.65,0.54,0.43,1.0
0.59,0.24,0.57,0.33,0.61,0.39,0.61,0.46,0.61,0.52,0.52,0.35,0.48,0.41,0.43,0.48,0.54,0.52,0.52,0.61,0.52,0.7,0.5,0.5,0.48,0.61,0.46,0.65,0.54,0.43,1.0
0.59,0.24,0.57,0.33,0.61,0.39,0.61,0.48,0.61,0.5,0.52,0.35,0.48,0.43,0.43,0.48,0.54,0.52,0.52,0.61,0.52,0.7,0.5,0.5,0.48,0.61,0.48,0.67,0.54,0.43,1.0
0.59,0.24,0.57,0.33,0.61,0.39,0.61,0.46,0.61,0.5,0.52,0.35,0.48,0.43,0.46,0.5,0.54,0.52,0.52,0.61,0.52,0.72,0.5,0.52,0.48,0.61,0.48,0.7,0.54,0.46,1.0
0.59,0.26,0.57,0.35,0.61,0.39,0.61,0.46,0.61,0.5,0.52,0.35,0.48,0.43,0.46,0.5,0.57,0.52,0.54,0.61,0.52,0.67,0.5,0.5,0.48,0.61,0.48,0.67,0.54,0.43,1.0
0.59,0.26,0.57,0.35,0.61,0.39,0.61,0.46,0.61,0.5,0.52,0.35,0.48,0.43,0.46,0.5,0.57,0.52,0.54,0.61,0.52,0.7,0.52,0.52,0.48,0.61,0.48,0.67,0.54,0.43,1.0
0.59,0.26,0.57,0.35,0.61,0.39,0.61,0.46,0.61,0.5,0.52,0.35,0.48,0.46,0.46,0.52,0.57,0.52,0.54,0.61,0.52,0.67,0.5,0.52,0.48,0.61,0.48,0.67,0.54,0.46,1.0
0.59,0.26,0.57,0.35,0.61,0.39,0.61,0.46,0.59,0.52,0.52,0.37,0.48,0.46,0.46,0.52,0.57,0.52,0.52,0.63,0.54,0.78,0.5,0.52,0.48,0.63,0.48,0.67,0.54,0.46,1.0
0.59,0.26,0.57,0.35,0.61,0.39,0.61,0.48,0.59,0.52,0.52,0.37,0.48,0.46,0.46,0.52,0.57,0.54,0.52,0.63,0.52,0.72,0.52,0.52,0.48,0.61,0.48,0.67,0.57,0.46,1.0
0.57,0.26,0.57,0.35,0.61,0.39,0.61,0.48,0.59,0.52,0.52,0.37,0.5,0.46,0.46,0.52,0.57,0.54,0.52,0.61,0.52,0.65,0.52,0.52,0.48,0.61,0.48,0.65,0.57,0.46,1.0
0.57,0.26,0.57,0.35,0.61,0.39,0.61,0.48,0.54,0.46,0.52,0.37,0.5,0.46,0.52,0.48,0.57,0.54,0.52,0.61,0.52,0.67,0.52,0.52,0.48,0.61,0.48,0.65,0.57,0.46,1.0
0.59,0.26,0.59,0.37,0.61,0.41,0.59,0.48,0.54,0.48,0.52,0.39,0.5,0.46,0.46,0.52,0.57,0.54,0.52,0.61,0.52,0.65,0.52,0.52,0.48,0.61,0.48,0.67,0.57,0.46,1.0
0.59,0.26,0.59,0.37,0.61,0.41,0.59,0.48,0.54,0.5,0.52,0.39,0.5,0.48,0.46,0.54,0.57,0.54,0.52,0.63,0.54,0.78,0.52,0.54,0.48,0.63,0.48,0.67,0.57,0.48,5.0
0.57,0.28,0.57,0.37,0.63,0.41,0.59,0.48,0.54,0.5,0.52,0.39,0.5,0.48,0.46,0.54,0.57,0.54,0.54,0.63,0.52,0.67,0.52,0.54,0.48,0.61,0.48,0.67,0.57,0.48,5.0
0.57,0.33,0.59,0.39,0.63,0.41,0.61,0.48,0.54,0.5,0.52,0.41,0.5,0.48,0.46,0.54,0.57,0.57,0.52,0.63,0.0,0.0,0.52,0.54,0.48,0.63,0.48,0.67,0.57,0.48,5.0
0.57,0.33,0.59,0.39,0.63,0.41,0.61,0.48,0.54,0.5,0.52,0.41,0.5,0.5,0.46,0.54,0.57,0.57,0.52,0.63,0.0,0.0,0.52,0.54,0.5,0.65,0.0,0.0,0.57,0.48,5.0
0.59,0.33,0.59,0.41,0.63,0.43,0.59,0.48,0.54,0.5,0.54,0.41,0.5,0.5,0.46,0.54,0.57,0.57,0.52,0.61,0.52,0.67,0.52,0.54,0.48,0.61,0.48,0.67,0.57,0.5,5.0
0.59,0.3,0.59,0.39,0.63,0.43,0.59,0.5,0.54,0.5,0.54,0.41,0.5,0.5,0.46,0.54,0.57,0.57,0.52,0.63,0.57,0.78,0.52,0.57,0.48,0.65,0.52,0.78,0.57,0.5,5.0
0.59,0.33,0.59,0.41,0.63,0.43,0.61,0.5,0.57,0.52,0.54,0.43,0.5,0.5,0.46,0.54,0.57,0.57,0.5,0.61,0.0,0.0,0.52,0.57,0.48,0.61,0.5,0.67,0.57,0.5,5.0
0.61,0.33,0.59,0.41,0.63,0.46,0.59,0.5,0.54,0.5,0.54,0.43,0.5,0.52,0.46,0.54,0.57,0.59,0.54,0.67,0.0,0.0,0.52,0.57,0.52,0.74,0.54,0.83,0.57,0.52,5.0
0.59,0.33,0.59,0.41,0.65,0.43,0.61,0.5,0.57,0.5,0.54,0.43,0.5,0.52,0.46,0.54,0.59,0.59,0.5,0.61,0.0,0.0,0.54,0.57,0.48,0.63,0.52,0.76,0.59,0.5,5.0
0.61,0.33,0.61,0.43,0.65,0.46,0.7,0.39,0.7,0.33,0.54,0.46,0.5,0.52,0.46,0.54,0.59,0.59,0.48,0.61,0.0,0.0,0.54,0.57,0.48,0.61,0.0,0.0,0.59,0.52,5.0
0.61,0.35,0.61,0.46,0.65,0.46,0.7,0.39,0.7,0.33,0.57,0.48,0.5,0.52,0.46,0.57,0.61,0.54,0.0,0.0,0.0,0.0,0.57,0.59,0.0,0.0,0.0,0.0,0.61,0.5,5.0
0.63,0.35,0.61,0.46,0.65,0.48,0.59,0.52,0.57,0.52,0.57,0.48,0.52,0.54,0.48,0.57,0.59,0.61,0.0,0.0,0.0,0.0,0.57,0.61,0.0,0.0,0.0,0.0,0.59,0.54,5.0
0.63,0.37,0.61,0.48,0.65,0.48,0.7,0.41,0.7,0.33,0.59,0.5,0.52,0.57,0.48,0.57,0.59,0.59,0.52,0.57,0.0,0.0,0.54,0.59,0.52,0.57,0.46,0.59,0.59,0.54,5.0
0.63,0.39,0.63,0.48,0.65,0.5,0.61,0.54,0.57,0.52,0.59,0.52,0.54,0.57,0.48,0.59,0.59,0.61,0.0,0.0,0.0,0.0,0.54,0.61,0.0,0.0,0.0,0.0,0.59,0.57,5.0
0.65,0.39,0.63,0.5,0.65,0.52,0.67,0.48,0.65,0.39,0.59,0.54,0.57,0.57,0.52,0.57,0.59,0.63,0.0,0.0,0.0,0.0,0.52,0.61,0.48,0.61,0.46,0.65,0.59,0.57,5.0
0.65,0.41,0.63,0.52,0.67,0.54,0.65,0.48,0.65,0.41,0.59,0.54,0.54,0.59,0.46,0.61,0.59,0.63,0.0,0.0,0.0,0.0,0.57,0.63,0.0,0.0,0.0,0.0,0.61,0.59,5.0
0.65,0.43,0.63,0.54,0.67,0.57,0.63,0.61,0.0,0.0,0.61,0.57,0.54,0.61,0.48,0.63,0.59,0.65,0.0,0.0,0.0,0.0,0.57,0.63,0.5,0.63,0.46,0.63,0.61,0.61,5.0
0.65,0.46,0.63,0.57,0.65,0.59,0.59,0.63,0.52,0.63,0.61,0.59,0.54,0.63,0.48,0.65,0.52,0.72,0.0,0.0,0.0,0.0,0.5,0.7,0.0,0.0,0.0,0.0,0.57,0.65,5.0
0.65,0.5,0.63,0.61,0.65,0.61,0.61,0.65,0.57,0.61,0.61,0.63,0.54,0.67,0.48,0.65,0.61,0.7,0.0,0.0,0.0,0.0,0.54,0.7,0.0,0.0,0.0,0.0,0.61,0.65,5.0
0.65,0.52,0.63,0.63,0.65,0.63,0.61,0.61,0.59,0.61,0.63,0.65,0.52,0.67,0.46,0.65,0.0,0.0,0.0,0.0,0.0,0.0,0.57,0.7,0.0,0.0,0.0,0.0,0.61,0.67,5.0
0.65,0.57,0.63,0.67,0.65,0.67,0.63,0.65,0.61,0.61,0.61,0.7,0.52,0.7,0.48,0.65,0.61,0.85,0.0,0.0,0.0,0.0,0.57,0.85,0.0,0.0,0.0,0.0,0.61,0.76,5.0
0.0,0.0,0.63,0.7,0.65,0.65,0.65,0.63,0.63,0.61,0.61,0.74,0.52,0.72,0.48,0.65,0.0,0.0,0.65,0.61,0.0,0.0,0.61,0.74,0.0,0.0,0.0,0.0,0.61,0.72,5.0
0.0,0.0,0.0,0.0,0.65,0.65,0.0,0.0,0.67,0.61,0.0,0.0,0.52,0.74,0.48,0.67,0.0,0.0,0.0,0.0,0.0,0.0,0.59,0.78,0.0,0.0,0.0,0.0,0.63,0.72,5.0
0.0,0.0,0.0,0.0,0.0,0.0,0.54,0.76,0.48,0.67,0.0,0.0,0.52,0.76,0.48,0.67,0.0,0.0,0.0,0.0,0.0,0.0,0.0,0.0,0.0,0.0,0.0,0.0,0.0,0.0,5.0
0.0,0.0,0.0,0.0,0.0,0.0,0.0,0.0,0.48,0.67,0.0,0.0,0.54,0.76,0.48,0.7,0.0,0.0,0.0,0.0,0.0,0.0,0.0,0.0,0.0,0.0,0.0,0.0,0.0,0.0,5.0
0.0,0.0,0.5,0.63,0.46,0.63,0.5,0.72,0.46,0.67,0.46,0.63,0.5,0.72,0.48,0.7,0.0,0.0,0.0,0.0,0.0,0.0,0.0,0.0,0.0,0.0,0.0,0.0,0.54,0.65,5.0
0.0,0.0,0.0,0.0,0.0,0.0,0.5,0.72,0.48,0.72,0.0,0.0,0.0,0.0,0.0,0.0,0.0,0.0,0.0,0.0,0.0,0.0,0.0,0.0,0.0,0.0,0.0,0.0,0.0,0.0,5.0
0.0,0.0,0.0,0.0,0.65,0.76,0.0,0.0,0.7,0.65,0.0,0.0,0.52,0.8,0.48,0.72,0.0,0.0,0.0,0.0,0.0,0.0,0.0,0.0,0.0,0.0,0.0,0.0,0.61,0.8,5.0
0.0,0.0,0.63,0.8,0.33,0.35,0.0,0.0,0.0,0.0,0.33,0.37,0.52,0.8,0.48,0.74,0.48,0.46,0.0,0.0,0.0,0.0,0.48,0.48,0.0,0.0,0.0,0.0,0.61,0.78,5.0
0.7,0.7,0.63,0.76,0.67,0.8,0.7,0.7,0.7,0.63,0.59,0.76,0.52,0.78,0.46,0.74,0.61,0.89,0.0,0.0,0.0,0.0,0.57,0.89,0.0,0.0,0.0,0.0,0.61,0.8,5.0
0.7,0.7,0.63,0.78,0.67,0.8,0.0,0.0,0.0,0.0,0.61,0.74,0.52,0.78,0.46,0.74,0.59,0.89,0.0,0.0,0.0,0.0,0.54,0.89,0.0,0.0,0.0,0.0,0.61,0.83,5.0
0.0,0.0,0.0,0.0,0.59,0.74,0.0,0.0,0.0,0.0,0.0,0.0,0.0,0.0,0.46,0.74,0.0,0.0,0.0,0.0,0.0,0.0,0.0,0.0,0.0,0.0,0.0,0.0,0.0,0.0,5.0
0.0,0.0,0.43,0.61,0.39,0.61,0.43,0.74,0.0,0.0,0.39,0.61,0.0,0.0,0.0,0.0,0.0,0.0,0.0,0.0,0.0,0.0,0.0,0.0,0.0,0.0,0.0,0.0,0.0,0.0,5.0
0.0,0.0,0.43,0.59,0.46,0.59,0.0,0.0,0.41,0.74,0.0,0.0,0.0,0.0,0.0,0.0,0.0,0.0,0.0,0.0,0.0,0.0,0.0,0.0,0.0,0.0,0.0,0.0,0.0,0.0,7.0
0.0,0.0,0.0,0.0,0.0,0.0,0.0,0.0,0.0,0.0,0.0,0.0,0.43,0.74,0.41,0.74,0.0,0.0,0.0,0.0,0.0,0.0,0.0,0.0,0.0,0.0,0.0,0.0,0.0,0.0,7.0
0.52,0.61,0.43,0.65,0.41,0.67,0.41,0.74,0.39,0.76,0.43,0.65,0.41,0.74,0.0,0.0,0.0,0.0,0.0,0.0,0.0,0.0,0.0,0.0,0.0,0.0,0.0,0.0,0.41,0.7,7.0
0.67,0.7,0.63,0.78,0.7,0.78,0.0,0.0,0.0,0.0,0.0,0.0,0.52,0.8,0.41,0.76,0.63,0.87,0.0,0.0,0.0,0.0,0.0,0.0,0.0,0.0,0.0,0.0,0.61,0.8,7.0
0.0,0.0,0.41,0.63,0.43,0.63,0.0,0.0,0.41,0.74,0.41,0.63,0.46,0.76,0.43,0.76,0.0,0.0,0.0,0.0,0.0,0.0,0.0,0.0,0.0,0.0,0.0,0.0,0.0,0.0,7.0
0.0,0.0,0.43,0.61,0.43,0.61,0.0,0.0,0.43,0.67,0.43,0.61,0.46,0.76,0.46,0.76,0.57,0.65,0.0,0.0,0.0,0.0,0.0,0.0,0.0,0.0,0.0,0.0,0.52,0.65,7.0
0.54,0.61,0.46,0.65,0.43,0.61,0.43,0.74,0.0,0.0,0.43,0.65,0.43,0.76,0.0,0.0,0.46,0.63,0.0,0.0,0.0,0.0,0.0,0.0,0.0,0.0,0.0,0.0,0.46,0.63,7.0
0.52,0.59,0.46,0.65,0.43,0.61,0.41,0.74,0.0,0.0,0.46,0.65,0.46,0.74,0.5,0.78,0.0,0.0,0.0,0.0,0.0,0.0,0.0,0.0,0.0,0.0,0.0,0.0,0.41,0.7,7.0
0.52,0.59,0.46,0.65,0.43,0.67,0.46,0.74,0.43,0.67,0.46,0.65,0.46,0.74,0.46,0.76,0.0,0.0,0.0,0.0,0.0,0.0,0.0,0.0,0.0,0.0,0.0,0.0,0.46,0.63,7.0
0.54,0.61,0.43,0.65,0.43,0.61,0.46,0.74,0.0,0.0,0.43,0.65,0.46,0.74,0.48,0.76,0.5,0.46,0.0,0.0,0.0,0.0,0.0,0.0,0.0,0.0,0.0,0.0,0.41,0.7,7.0
0.54,0.63,0.43,0.65,0.43,0.61,0.43,0.74,0.0,0.0,0.41,0.65,0.43,0.74,0.0,0.0,0.5,0.46,0.0,0.0,0.0,0.0,0.0,0.0,0.0,0.0,0.0,0.0,0.41,0.7,7.0
0.52,0.61,0.43,0.65,0.46,0.61,0.43,0.74,0.0,0.0,0.41,0.67,0.43,0.74,0.46,0.76,0.0,0.0,0.0,0.0,0.0,0.0,0.0,0.0,0.0,0.0,0.0,0.0,0.41,0.7,7.0
0.0,0.0,0.43,0.63,0.43,0.61,0.46,0.74,0.43,0.67,0.43,0.63,0.0,0.0,0.46,0.76,0.0,0.0,0.0,0.0,0.0,0.0,0.0,0.0,0.0,0.0,0.0,0.0,0.0,0.0,7.0
0.0,0.0,0.43,0.63,0.46,0.61,0.46,0.74,0.0,0.0,0.43,0.63,0.43,0.74,0.43,0.76,0.5,0.46,0.0,0.0,0.0,0.0,0.5,0.48,0.0,0.0,0.0,0.0,0.0,0.0,7.0
0.0,0.0,0.43,0.65,0.46,0.61,0.46,0.74,0.43,0.67,0.43,0.65,0.46,0.76,0.46,0.76,0.0,0.0,0.0,0.0,0.0,0.0,0.0,0.0,0.0,0.0,0.0,0.0,0.0,0.0,7.0
0.0,0.0,0.43,0.63,0.46,0.61,0.0,0.0,0.0,0.0,0.43,0.63,0.43,0.76,0.46,0.76,0.0,0.0,0.0,0.0,0.0,0.0,0.0,0.0,0.0,0.0,0.0,0.0,0.0,0.0,7.0
0.0,0.0,0.43,0.63,0.41,0.67,0.43,0.74,0.0,0.0,0.43,0.65,0.46,0.76,0.46,0.76,0.0,0.0,0.0,0.0,0.0,0.0,0.0,0.0,0.0,0.0,0.0,0.0,0.0,0.0,7.0
0.52,0.61,0.43,0.65,0.41,0.7,0.43,0.74,0.41,0.76,0.43,0.65,0.52,0.59,0.46,0.76,0.0,0.0,0.0,0.0,0.0,0.0,0.48,0.61,0.0,0.0,0.0,0.0,0.46,0.63,7.0
0.0,0.0,0.43,0.63,0.43,0.63,0.46,0.74,0.43,0.7,0.43,0.63,0.46,0.74,0.46,0.76,0.5,0.46,0.0,0.0,0.0,0.0,0.0,0.0,0.0,0.0,0.0,0.0,0.0,0.0,7.0
0.52,0.59,0.43,0.65,0.41,0.7,0.43,0.74,0.41,0.76,0.43,0.65,0.43,0.76,0.46,0.76,0.0,0.0,0.0,0.0,0.0,0.0,0.5,0.61,0.0,0.0,0.0,0.0,0.46,0.63,7.0
0.52,0.59,0.43,0.65,0.41,0.67,0.46,0.74,0.46,0.76,0.41,0.65,0.0,0.0,0.46,0.76,0.0,0.0,0.0,0.0,0.0,0.0,0.0,0.0,0.0,0.0,0.0,0.0,0.46,0.63,7.0
0.52,0.59,0.43,0.65,0.41,0.7,0.46,0.74,0.0,0.0,0.43,0.65,0.46,0.74,0.46,0.76,0.46,0.61,0.0,0.0,0.0,0.0,0.0,0.0,0.0,0.0,0.0,0.0,0.0,0.0,7.0
0.0,0.0,0.43,0.65,0.41,0.67,0.46,0.74,0.43,0.74,0.41,0.65,0.0,0.0,0.46,0.76,0.0,0.0,0.0,0.0,0.0,0.0,0.0,0.0,0.0,0.0,0.0,0.0,0.0,0.0,7.0
0.52,0.59,0.43,0.65,0.41,0.7,0.46,0.74,0.0,0.0,0.43,0.65,0.46,0.74,0.46,0.76,0.48,0.46,0.0,0.0,0.0,0.0,0.48,0.61,0.0,0.0,0.0,0.0,0.46,0.61,7.0
0.52,0.59,0.43,0.65,0.41,0.7,0.43,0.74,0.43,0.74,0.41,0.67,0.43,0.76,0.46,0.76,0.0,0.0,0.0,0.0,0.0,0.0,0.0,0.0,0.0,0.0,0.0,0.0,0.46,0.63,7.0
0.52,0.59,0.43,0.65,0.41,0.63,0.43,0.74,0.0,0.0,0.43,0.65,0.52,0.59,0.46,0.76,0.0,0.0,0.0,0.0,0.0,0.0,0.0,0.0,0.0,0.0,0.0,0.0,0.46,0.63,7.0
0.52,0.61,0.43,0.65,0.41,0.7,0.46,0.76,0.48,0.76,0.41,0.65,0.43,0.74,0.48,0.76,0.39,0.78,0.0,0.0,0.0,0.0,0.39,0.76,0.0,0.0,0.0,0.0,0.41,0.72,7.0
0.0,0.0,0.43,0.61,0.43,0.61,0.46,0.74,0.43,0.67,0.41,0.61,0.46,0.74,0.46,0.76,0.48,0.46,0.0,0.0,0.0,0.0,0.48,0.48,0.0,0.0,0.0,0.0,0.0,0.0,7.0
0.0,0.0,0.43,0.65,0.41,0.7,0.46,0.74,0.43,0.67,0.43,0.65,0.46,0.74,0.46,0.76,0.48,0.46,0.0,0.0,0.0,0.0,0.0,0.0,0.0,0.0,0.0,0.0,0.0,0.0,7.0
0.0,0.0,0.43,0.63,0.43,0.61,0.46,0.74,0.43,0.67,0.46,0.61,0.43,0.76,0.46,0.76,0.5,0.46,0.0,0.0,0.0,0.0,0.48,0.61,0.0,0.0,0.0,0.0,0.46,0.61,7.0
0.0,0.0,0.41,0.63,0.43,0.61,0.46,0.74,0.46,0.76,0.41,0.61,0.46,0.76,0.46,0.76,0.48,0.61,0.0,0.0,0.0,0.0,0.5,0.61,0.0,0.0,0.0,0.0,0.0,0.0,7.0
0.0,0.0,0.43,0.65,0.41,0.67,0.46,0.74,0.43,0.67,0.41,0.63,0.46,0.76,0.46,0.76,0.5,0.46,0.0,0.0,0.0,0.0,0.48,0.61,0.0,0.0,0.0,0.0,0.46,0.61,7.0
0.52,0.61,0.43,0.65,0.46,0.61,0.43,0.74,0.0,0.0,0.43,0.65,0.52,0.61,0.0,0.0,0.0,0.0,0.0,0.0,0.0,0.0,0.0,0.0,0.0,0.0,0.0,0.0,0.46,0.63,7.0
0.0,0.0,0.43,0.65,0.41,0.7,0.46,0.74,0.43,0.67,0.41,0.65,0.0,0.0,0.46,0.76,0.5,0.46,0.0,0.0,0.0,0.0,0.0,0.0,0.0,0.0,0.0,0.0,0.0,0.0,7.0
0.0,0.0,0.43,0.65,0.41,0.7,0.46,0.74,0.43,0.7,0.43,0.67,0.46,0.74,0.46,0.76,0.0,0.0,0.0,0.0,0.0,0.0,0.0,0.0,0.0,0.0,0.0,0.0,0.0,0.0,7.0
0.52,0.59,0.43,0.65,0.41,0.7,0.46,0.76,0.48,0.76,0.43,0.65,0.43,0.74,0.46,0.76,0.0,0.0,0.0,0.0,0.0,0.0,0.0,0.0,0.0,0.0,0.0,0.0,0.41,0.7,7.0
0.0,0.0,0.43,0.65,0.41,0.7,0.46,0.74,0.43,0.67,0.43,0.63,0.46,0.74,0.0,0.0,0.48,0.46,0.0,0.0,0.0,0.0,0.48,0.48,0.0,0.0,0.0,0.0,0.0,0.0,7.0
0.52,0.63,0.43,0.63,0.41,0.7,0.46,0.76,0.0,0.0,0.43,0.65,0.52,0.59,0.46,0.76,0.0,0.0,0.0,0.0,0.0,0.0,0.48,0.61,0.0,0.0,0.0,0.0,0.46,0.61,7.0
0.0,0.0,0.43,0.65,0.41,0.7,0.43,0.74,0.41,0.76,0.41,0.65,0.43,0.76,0.0,0.0,0.0,0.0,0.0,0.0,0.0,0.0,0.5,0.61,0.0,0.0,0.0,0.0,0.46,0.63,7.0
0.52,0.61,0.43,0.65,0.41,0.7,0.46,0.76,0.48,0.78,0.43,0.65,0.52,0.59,0.52,0.78,0.0,0.0,0.0,0.0,0.0,0.0,0.0,0.0,0.0,0.0,0.0,0.0,0.41,0.7,7.0
0.0,0.0,0.43,0.65,0.41,0.67,0.46,0.74,0.0,0.0,0.43,0.65,0.52,0.59,0.46,0.76,0.48,0.46,0.0,0.0,0.0,0.0,0.0,0.0,0.0,0.0,0.0,0.0,0.46,0.63,7.0
0.52,0.59,0.43,0.65,0.41,0.7,0.46,0.74,0.0,0.0,0.43,0.65,0.0,0.0,0.46,0.76,0.48,0.46,0.0,0.0,0.0,0.0,0.48,0.61,0.0,0.0,0.0,0.0,0.46,0.61,7.0
0.52,0.63,0.43,0.65,0.41,0.7,0.43,0.74,0.0,0.0,0.46,0.65,0.52,0.59,0.0,0.0,0.48,0.46,0.0,0.0,0.0,0.0,0.48,0.48,0.0,0.0,0.0,0.0,0.46,0.63,7.0
0.0,0.0,0.43,0.65,0.41,0.7,0.43,0.74,0.0,0.0,0.41,0.65,0.43,0.74,0.46,0.76,0.48,0.46,0.0,0.0,0.0,0.0,0.48,0.48,0.0,0.0,0.0,0.0,0.46,0.61,7.0
0.52,0.61,0.43,0.65,0.41,0.7,0.43,0.74,0.41,0.76,0.41,0.65,0.52,0.59,0.46,0.76,0.46,0.61,0.0,0.0,0.0,0.0,0.5,0.61,0.0,0.0,0.0,0.0,0.46,0.63,7.0
0.52,0.61,0.43,0.65,0.41,0.7,0.43,0.74,0.46,0.76,0.41,0.65,0.52,0.59,0.46,0.76,0.46,0.61,0.0,0.0,0.0,0.0,0.0,0.0,0.0,0.0,0.0,0.0,0.46,0.63,7.0
0.52,0.63,0.43,0.65,0.41,0.7,0.43,0.74,0.0,0.0,0.43,0.65,0.46,0.74,0.46,0.76,0.48,0.46,0.0,0.0,0.0,0.0,0.48,0.48,0.0,0.0,0.0,0.0,0.46,0.63,7.0
0.52,0.59,0.43,0.65,0.41,0.7,0.46,0.76,0.0,0.0,0.41,0.65,0.43,0.74,0.46,0.76,0.48,0.46,0.0,0.0,0.0,0.0,0.48,0.48,0.0,0.0,0.0,0.0,0.46,0.61,7.0
0.52,0.61,0.43,0.65,0.41,0.7,0.48,0.74,0.48,0.76,0.43,0.65,0.46,0.74,0.48,0.76,0.48,0.46,0.0,0.0,0.0,0.0,0.0,0.0,0.0,0.0,0.0,0.0,0.46,0.63,7.0
0.0,0.0,0.43,0.65,0.41,0.7,0.43,0.74,0.0,0.0,0.41,0.65,0.52,0.59,0.48,0.76,0.48,0.63,0.0,0.0,0.0,0.0,0.0,0.0,0.0,0.0,0.0,0.0,0.46,0.63,7.0
0.0,0.0,0.43,0.63,0.41,0.67,0.46,0.74,0.0,0.0,0.41,0.65,0.43,0.74,0.46,0.76,0.5,0.46,0.0,0.0,0.0,0.0,0.0,0.0,0.0,0.0,0.0,0.0,0.46,0.63,7.0
0.52,0.61,0.43,0.65,0.41,0.65,0.43,0.72,0.41,0.78,0.41,0.65,0.43,0.72,0.48,0.76,0.48,0.46,0.0,0.0,0.0,0.0,0.0,0.0,0.0,0.0,0.0,0.0,0.41,0.7,7.0
0.52,0.61,0.43,0.65,0.41,0.7,0.46,0.74,0.52,0.78,0.41,0.67,0.46,0.74,0.52,0.78,0.0,0.0,0.0,0.0,0.0,0.0,0.0,0.0,0.0,0.0,0.0,0.0,0.41,0.72,7.0
0.52,0.61,0.43,0.65,0.43,0.63,0.43,0.72,0.52,0.78,0.43,0.65,0.43,0.72,0.52,0.78,0.48,0.46,0.0,0.0,0.0,0.0,0.48,0.48,0.0,0.0,0.0,0.0,0.41,0.7,7.0
0.52,0.61,0.43,0.65,0.41,0.7,0.48,0.74,0.52,0.78,0.41,0.67,0.46,0.72,0.52,0.78,0.39,0.78,0.0,0.0,0.0,0.0,0.39,0.78,0.0,0.0,0.0,0.0,0.41,0.72,7.0
0.0,0.0,0.43,0.63,0.46,0.61,0.46,0.72,0.43,0.67,0.43,0.63,0.52,0.8,0.46,0.72,0.48,0.46,0.0,0.0,0.0,0.0,0.0,0.0,0.0,0.0,0.0,0.0,0.0,0.0,7.0
0.0,0.0,0.5,0.65,0.46,0.61,0.46,0.72,0.48,0.72,0.43,0.63,0.54,0.78,0.48,0.74,0.0,0.0,0.0,0.0,0.0,0.0,0.0,0.0,0.0,0.0,0.0,0.0,0.0,0.0,7.0
0.0,0.0,0.0,0.0,0.46,0.61,0.48,0.72,0.43,0.67,0.43,0.63,0.52,0.78,0.46,0.72,0.0,0.0,0.0,0.0,0.0,0.0,0.0,0.0,0.0,0.0,0.0,0.0,0.0,0.0,7.0
0.0,0.0,0.0,0.0,0.0,0.0,0.46,0.72,0.43,0.67,0.0,0.0,0.46,0.72,0.43,0.65,0.48,0.46,0.0,0.0,0.0,0.0,0.48,0.46,0.0,0.0,0.0,0.0,0.0,0.0,7.0
0.0,0.0,0.43,0.65,0.46,0.63,0.48,0.72,0.43,0.67,0.43,0.63,0.46,0.72,0.46,0.72,0.5,0.46,0.0,0.0,0.0,0.0,0.5,0.48,0.0,0.0,0.0,0.0,0.0,0.0,7.0
0.0,0.0,0.0,0.0,0.0,0.0,0.0,0.0,0.0,0.0,0.0,0.0,0.52,0.78,0.46,0.72,0.48,0.46,0.0,0.0,0.0,0.0,0.0,0.0,0.0,0.0,0.0,0.0,0.0,0.0,7.0
0.0,0.0,0.0,0.0,0.57,0.67,0.57,0.78,0.46,0.67,0.46,0.65,0.52,0.78,0.46,0.72,0.52,0.48,0.0,0.0,0.0,0.0,0.0,0.0,0.0,0.0,0.0,0.0,0.0,0.0,7.0
0.0,0.0,0.0,0.0,0.0,0.0,0.0,0.0,0.0,0.0,0.0,0.0,0.52,0.76,0.46,0.72,0.5,0.46,0.0,0.0,0.0,0.0,0.5,0.48,0.0,0.0,0.46,0.7,0.0,0.0,7.0
0.0,0.0,0.0,0.0,0.0,0.0,0.0,0.0,0.46,0.7,0.0,0.0,0.54,0.78,0.46,0.72,0.0,0.0,0.0,0.0,0.0,0.0,0.0,0.0,0.0,0.0,0.0,0.0,0.0,0.0,7.0
0.0,0.0,0.0,0.0,0.52,0.63,0.48,0.7,0.46,0.7,0.0,0.0,0.46,0.7,0.46,0.72,0.0,0.0,0.0,0.0,0.0,0.0,0.0,0.0,0.0,0.0,0.0,0.0,0.0,0.0,7.0
0.0,0.0,0.0,0.0,0.0,0.0,0.0,0.0,0.46,0.7,0.0,0.0,0.52,0.76,0.46,0.7,0.0,0.0,0.0,0.0,0.0,0.0,0.0,0.0,0.0,0.0,0.0,0.0,0.0,0.0,7.0
0.0,0.0,0.0,0.0,0.52,0.65,0.0,0.0,0.46,0.7,0.0,0.0,0.52,0.76,0.46,0.7,0.5,0.46,0.0,0.0,0.0,0.0,0.0,0.0,0.0,0.0,0.0,0.0,0.52,0.7,7.0
0.0,0.0,0.0,0.0,0.0,0.0,0.0,0.0,0.46,0.7,0.0,0.0,0.52,0.76,0.46,0.7,0.0,0.0,0.0,0.0,0.0,0.0,0.0,0.0,0.0,0.0,0.0,0.0,0.0,0.0,7.0
0.0,0.0,0.0,0.0,0.48,0.61,0.46,0.67,0.0,0.0,0.52,0.76,0.46,0.7,0.46,0.7,0.48,0.46,0.0,0.0,0.0,0.0,0.48,0.48,0.0,0.0,0.0,0.0,0.0,0.0,7.0
0.0,0.0,0.48,0.61,0.48,0.61,0.48,0.7,0.52,0.74,0.48,0.63,0.46,0.7,0.52,0.74,0.48,0.46,0.0,0.0,0.0,0.0,0.5,0.48,0.0,0.0,0.0,0.0,0.48,0.54,7.0
0.0,0.0,0.43,0.61,0.43,0.59,0.46,0.67,0.52,0.74,0.48,0.63,0.46,0.7,0.52,0.74,0.48,0.46,0.0,0.0,0.0,0.0,0.48,0.48,0.0,0.0,0.0,0.0,0.48,0.52,7.0
0.0,0.0,0.0,0.0,0.0,0.0,0.0,0.0,0.46,0.67,0.0,0.0,0.46,0.67,0.48,0.7,0.0,0.0,0.0,0.0,0.0,0.0,0.0,0.0,0.0,0.0,0.0,0.0,0.0,0.0,6.0
0.0,0.0,0.0,0.0,0.0,0.0,0.0,0.0,0.0,0.0,0.0,0.0,0.52,0.76,0.48,0.7,0.5,0.46,0.0,0.0,0.0,0.0,0.0,0.0,0.0,0.0,0.0,0.0,0.0,0.0,6.0
0.0,0.0,0.0,0.0,0.0,0.0,0.0,0.0,0.0,0.0,0.0,0.0,0.52,0.76,0.48,0.7,0.0,0.0,0.0,0.0,0.0,0.0,0.0,0.0,0.0,0.0,0.0,0.0,0.0,0.0,6.0
0.0,0.0,0.0,0.0,0.0,0.0,0.0,0.0,0.0,0.0,0.0,0.0,0.52,0.76,0.48,0.7,0.48,0.43,0.0,0.0,0.0,0.0,0.0,0.0,0.0,0.0,0.0,0.0,0.0,0.0,6.0
0.0,0.0,0.0,0.0,0.0,0.0,0.0,0.0,0.0,0.0,0.0,0.0,0.52,0.76,0.48,0.7,0.0,0.0,0.0,0.0,0.0,0.0,0.0,0.0,0.0,0.0,0.48,0.7,0.0,0.0,6.0
0.0,0.0,0.0,0.0,0.0,0.0,0.0,0.0,0.0,0.0,0.0,0.0,0.52,0.76,0.48,0.7,0.0,0.0,0.0,0.0,0.0,0.0,0.0,0.0,0.0,0.0,0.0,0.0,0.0,0.0,6.0
0.0,0.0,0.0,0.0,0.0,0.0,0.0,0.0,0.0,0.0,0.0,0.0,0.52,0.76,0.48,0.7,0.0,0.0,0.0,0.0,0.0,0.0,0.0,0.0,0.0,0.0,0.0,0.0,0.0,0.0,6.0
0.61,0.61,0.63,0.7,0.0,0.0,0.0,0.0,0.0,0.0,0.61,0.74,0.52,0.76,0.48,0.7,0.0,0.0,0.0,0.0,0.0,0.0,0.0,0.0,0.0,0.0,0.0,0.0,0.0,0.0,6.0
0.61,0.61,0.61,0.7,0.65,0.7,0.61,0.63,0.57,0.63,0.59,0.74,0.52,0.76,0.48,0.7,0.0,0.0,0.0,0.0,0.0,0.0,0.0,0.0,0.0,0.0,0.0,0.0,0.0,0.0,6.0
0.61,0.59,0.61,0.67,0.65,0.7,0.61,0.63,0.59,0.61,0.59,0.72,0.5,0.76,0.46,0.7,0.63,0.87,0.0,0.0,0.0,0.0,0.57,0.87,0.0,0.0,0.0,0.0,0.61,0.78,6.0
0.61,0.57,0.61,0.67,0.65,0.67,0.63,0.76,0.57,0.61,0.57,0.72,0.52,0.76,0.46,0.7,0.63,0.87,0.0,0.0,0.0,0.0,0.59,0.87,0.0,0.0,0.0,0.0,0.61,0.78,6.0
0.59,0.57,0.61,0.65,0.65,0.67,0.65,0.7,0.61,0.7,0.57,0.7,0.52,0.76,0.46,0.7,0.63,0.85,0.0,0.0,0.0,0.0,0.57,0.85,0.52,0.85,0.0,0.0,0.61,0.76,6.0
0.59,0.54,0.61,0.63,0.65,0.65,0.65,0.67,0.48,0.63,0.57,0.67,0.5,0.74,0.46,0.7,0.0,0.0,0.0,0.0,0.0,0.0,0.59,0.83,0.0,0.0,0.0,0.0,0.61,0.76,6.0
0.59,0.52,0.59,0.63,0.63,0.63,0.65,0.67,0.63,0.67,0.57,0.65,0.5,0.74,0.46,0.7,0.0,0.0,0.0,0.0,0.0,0.0,0.59,0.83,0.0,0.0,0.0,0.0,0.61,0.74,6.0
0.57,0.52,0.59,0.61,0.63,0.63,0.67,0.65,0.63,0.65,0.54,0.65,0.52,0.74,0.46,0.7,0.0,0.0,0.0,0.0,0.0,0.0,0.0,0.0,0.0,0.0,0.0,0.0,0.61,0.72,6.0
0.57,0.5,0.59,0.59,0.63,0.61,0.67,0.65,0.63,0.63,0.54,0.63,0.52,0.72,0.46,0.67,0.59,0.74,0.0,0.0,0.0,0.0,0.57,0.72,0.0,0.0,0.0,0.0,0.59,0.7,6.0
0.57,0.5,0.59,0.59,0.63,0.59,0.67,0.63,0.63,0.63,0.54,0.61,0.5,0.72,0.46,0.67,0.63,0.74,0.0,0.0,0.0,0.0,0.57,0.74,0.0,0.0,0.0,0.0,0.59,0.67,6.0
0.57,0.48,0.59,0.57,0.63,0.59,0.67,0.63,0.63,0.61,0.54,0.61,0.5,0.7,0.46,0.67,0.61,0.72,0.0,0.0,0.0,0.0,0.57,0.72,0.59,0.76,0.0,0.0,0.59,0.67,6.0
0.57,0.48,0.57,0.57,0.63,0.57,0.67,0.61,0.61,0.63,0.54,0.59,0.52,0.67,0.48,0.67,0.61,0.7,0.0,0.0,0.0,0.0,0.57,0.72,0.0,0.0,0.48,0.67,0.59,0.65,6.0
0.54,0.48,0.57,0.54,0.63,0.57,0.65,0.61,0.61,0.63,0.54,0.59,0.52,0.65,0.48,0.67,0.61,0.7,0.0,0.0,0.0,0.0,0.57,0.7,0.0,0.0,0.0,0.0,0.59,0.63,6.0
0.54,0.46,0.57,0.54,0.63,0.54,0.67,0.61,0.63,0.63,0.54,0.57,0.52,0.65,0.48,0.65,0.61,0.7,0.0,0.0,0.0,0.0,0.57,0.7,0.0,0.0,0.48,0.65,0.59,0.63,6.0
0.54,0.46,0.57,0.52,0.63,0.54,0.67,0.59,0.63,0.63,0.52,0.57,0.5,0.65,0.48,0.67,0.61,0.7,0.61,0.76,0.0,0.0,0.57,0.7,0.59,0.76,0.0,0.0,0.59,0.63,6.0
0.54,0.43,0.57,0.52,0.63,0.54,0.67,0.59,0.63,0.63,0.52,0.57,0.5,0.63,0.48,0.67,0.61,0.67,0.0,0.0,0.0,0.0,0.57,0.67,0.0,0.0,0.0,0.0,0.59,0.61,6.0
0.54,0.43,0.57,0.52,0.61,0.52,0.67,0.59,0.65,0.61,0.52,0.54,0.5,0.63,0.48,0.65,0.61,0.67,0.61,0.74,0.0,0.0,0.57,0.67,0.57,0.74,0.0,0.0,0.59,0.61,6.0
0.54,0.43,0.57,0.5,0.61,0.52,0.67,0.57,0.65,0.61,0.52,0.54,0.5,0.61,0.48,0.65,0.61,0.65,0.0,0.0,0.0,0.0,0.54,0.65,0.0,0.0,0.0,0.0,0.59,0.59,6.0
0.54,0.41,0.57,0.5,0.61,0.52,0.65,0.57,0.65,0.61,0.52,0.52,0.5,0.61,0.46,0.67,0.61,0.65,0.59,0.72,0.0,0.0,0.54,0.65,0.0,0.0,0.0,0.0,0.59,0.59,6.0
0.54,0.41,0.57,0.5,0.61,0.5,0.65,0.57,0.65,0.61,0.52,0.52,0.5,0.61,0.46,0.67,0.61,0.63,0.61,0.57,0.61,0.63,0.54,0.63,0.0,0.0,0.48,0.65,0.59,0.59,6.0
0.52,0.39,0.57,0.48,0.61,0.5,0.65,0.57,0.65,0.61,0.52,0.52,0.5,0.61,0.48,0.67,0.61,0.65,0.0,0.0,0.61,0.65,0.54,0.65,0.5,0.65,0.0,0.0,0.57,0.59,6.0
0.54,0.39,0.57,0.48,0.61,0.5,0.65,0.54,0.65,0.61,0.52,0.5,0.5,0.59,0.48,0.65,0.61,0.63,0.59,0.72,0.61,0.63,0.54,0.65,0.54,0.7,0.0,0.0,0.57,0.57,6.0
0.54,0.39,0.57,0.46,0.61,0.48,0.65,0.54,0.63,0.61,0.52,0.5,0.48,0.59,0.48,0.65,0.59,0.63,0.59,0.72,0.59,0.8,0.54,0.63,0.54,0.72,0.57,0.8,0.57,0.57,6.0
0.54,0.37,0.57,0.46,0.61,0.48,0.65,0.54,0.63,0.61,0.52,0.5,0.48,0.59,0.48,0.65,0.59,0.63,0.59,0.72,0.61,0.8,0.54,0.63,0.54,0.72,0.57,0.8,0.57,0.57,6.0
0.52,0.37,0.54,0.46,0.61,0.48,0.63,0.54,0.65,0.59,0.52,0.48,0.48,0.59,0.48,0.65,0.61,0.61,0.61,0.72,0.61,0.78,0.54,0.63,0.54,0.72,0.57,0.8,0.57,0.54,6.0
0.52,0.37,0.54,0.43,0.59,0.46,0.63,0.52,0.65,0.59,0.5,0.48,0.48,0.59,0.48,0.65,0.61,0.61,0.61,0.7,0.59,0.78,0.54,0.61,0.57,0.7,0.57,0.76,0.57,0.54,6.0
0.52,0.35,0.54,0.43,0.59,0.46,0.63,0.52,0.65,0.59,0.5,0.48,0.48,0.57,0.48,0.65,0.59,0.61,0.59,0.72,0.59,0.8,0.52,0.61,0.52,0.74,0.52,0.83,0.57,0.54,6.0
0.52,0.35,0.54,0.43,0.59,0.46,0.63,0.52,0.63,0.59,0.5,0.46,0.48,0.57,0.48,0.65,0.59,0.61,0.57,0.72,0.57,0.83,0.54,0.61,0.52,0.72,0.52,0.85,0.57,0.52,6.0
0.52,0.33,0.54,0.41,0.59,0.43,0.63,0.5,0.63,0.59,0.5,0.46,0.48,0.57,0.48,0.65,0.59,0.59,0.59,0.7,0.57,0.8,0.54,0.59,0.54,0.7,0.54,0.83,0.57,0.52,6.0
0.52,0.33,0.54,0.41,0.59,0.43,0.61,0.5,0.63,0.59,0.5,0.43,0.48,0.54,0.48,0.63,0.59,0.59,0.57,0.7,0.57,0.83,0.54,0.59,0.52,0.72,0.52,0.85,0.57,0.52,6.0
0.52,0.33,0.54,0.41,0.59,0.41,0.61,0.5,0.63,0.59,0.5,0.43,0.48,0.54,0.48,0.63,0.59,0.59,0.57,0.67,0.57,0.8,0.52,0.59,0.52,0.67,0.54,0.8,0.54,0.5,6.0
0.52,0.3,0.54,0.39,0.59,0.41,0.61,0.5,0.63,0.59,0.5,0.43,0.48,0.52,0.46,0.63,0.57,0.57,0.0,0.0,0.0,0.0,0.52,0.57,0.52,0.65,0.0,0.0,0.54,0.48,6.0
0.5,0.3,0.52,0.39,0.59,0.41,0.61,0.48,0.63,0.57,0.5,0.41,0.48,0.52,0.46,0.63,0.57,0.57,0.54,0.63,0.0,0.0,0.52,0.57,0.52,0.65,0.0,0.0,0.54,0.48,6.0
0.5,0.28,0.52,0.37,0.57,0.39,0.61,0.48,0.61,0.54,0.48,0.41,0.48,0.5,0.46,0.61,0.57,0.54,0.57,0.63,0.59,0.59,0.52,0.54,0.52,0.63,0.0,0.0,0.54,0.48,6.0
0.5,0.28,0.52,0.37,0.57,0.39,0.61,0.48,0.61,0.54,0.48,0.39,0.48,0.5,0.46,0.61,0.57,0.54,0.52,0.63,0.0,0.0,0.52,0.54,0.5,0.65,0.52,0.76,0.54,0.46,6.0
0.5,0.28,0.52,0.35,0.57,0.37,0.61,0.46,0.61,0.54,0.48,0.39,0.48,0.48,0.46,0.61,0.54,0.54,0.52,0.63,0.57,0.78,0.5,0.54,0.48,0.65,0.5,0.76,0.52,0.46,6.0
0.5,0.26,0.52,0.35,0.57,0.37,0.59,0.46,0.61,0.52,0.48,0.37,0.48,0.48,0.48,0.57,0.57,0.52,0.54,0.63,0.57,0.78,0.52,0.52,0.5,0.65,0.52,0.76,0.52,0.46,6.0
0.5,0.24,0.52,0.33,0.57,0.37,0.59,0.46,0.61,0.52,0.48,0.37,0.48,0.46,0.48,0.54,0.54,0.52,0.54,0.61,0.57,0.7,0.5,0.52,0.5,0.61,0.5,0.7,0.52,0.43,6.0
0.5,0.24,0.52,0.33,0.57,0.35,0.59,0.43,0.59,0.52,0.48,0.37,0.48,0.46,0.48,0.54,0.54,0.5,0.54,0.59,0.54,0.7,0.5,0.5,0.54,0.61,0.0,0.0,0.52,0.43,6.0
0.5,0.24,0.52,0.33,0.54,0.35,0.59,0.43,0.59,0.5,0.48,0.35,0.48,0.46,0.48,0.52,0.54,0.5,0.57,0.61,0.57,0.7,0.5,0.5,0.52,0.63,0.57,0.7,0.52,0.43,6.0
0.5,0.24,0.5,0.33,0.54,0.35,0.59,0.41,0.59,0.5,0.48,0.35,0.46,0.43,0.46,0.52,0.54,0.5,0.54,0.61,0.57,0.7,0.5,0.5,0.5,0.61,0.54,0.72,0.52,0.41,6.0
0.5,0.22,0.5,0.3,0.54,0.33,0.57,0.41,0.57,0.48,0.46,0.33,0.46,0.43,0.46,0.52,0.52,0.5,0.52,0.59,0.52,0.67,0.5,0.48,0.48,0.61,0.48,0.67,0.5,0.41,6.0
0.5,0.22,0.5,0.3,0.54,0.33,0.57,0.41,0.57,0.48,0.46,0.33,0.46,0.41,0.46,0.5,0.52,0.48,0.52,0.59,0.48,0.67,0.5,0.48,0.5,0.61,0.48,0.67,0.5,0.39,6.0
0.5,0.22,0.5,0.3,0.54,0.33,0.57,0.39,0.57,0.46,0.46,0.33,0.46,0.41,0.46,0.5,0.52,0.46,0.52,0.57,0.48,0.67,0.48,0.46,0.48,0.59,0.48,0.65,0.5,0.39,6.0
0.5,0.22,0.5,0.3,0.54,0.33,0.57,0.39,0.57,0.46,0.46,0.3,0.46,0.39,0.43,0.48,0.5,0.46,0.5,0.57,0.48,0.65,0.48,0.46,0.48,0.57,0.48,0.65,0.5,0.39,2.0
0.5,0.2,0.5,0.28,0.54,0.3,0.57,0.39,0.54,0.43,0.46,0.3,0.43,0.39,0.43,0.48,0.5,0.46,0.5,0.57,0.5,0.65,0.46,0.43,0.46,0.54,0.48,0.65,0.5,0.37,2.0
0.5,0.2,0.5,0.28,0.52,0.3,0.57,0.37,0.54,0.43,0.46,0.3,0.43,0.39,0.43,0.46,0.5,0.43,0.5,0.54,0.5,0.63,0.46,0.43,0.46,0.54,0.46,0.65,0.48,0.37,2.0
0.5,0.2,0.5,0.28,0.52,0.3,0.54,0.37,0.52,0.43,0.46,0.28,0.43,0.37,0.41,0.43,0.5,0.43,0.5,0.54,0.5,0.63,0.46,0.43,0.46,0.54,0.46,0.63,0.48,0.37,2.0
0.48,0.17,0.48,0.26,0.52,0.28,0.54,0.37,0.52,0.39,0.46,0.28,0.41,0.37,0.41,0.41,0.5,0.41,0.48,0.52,0.48,0.63,0.46,0.41,0.43,0.52,0.46,0.63,0.48,0.35,2.0
0.48,0.17,0.48,0.26,0.52,0.28,0.54,0.35,0.5,0.39,0.43,0.28,0.41,0.35,0.39,0.39,0.48,0.41,0.48,0.52,0.48,0.63,0.46,0.41,0.43,0.52,0.46,0.63,0.48,0.35,2.0
0.48,0.17,0.48,0.26,0.52,0.28,0.52,0.35,0.48,0.35,0.43,0.28,0.39,0.33,0.39,0.35,0.48,0.41,0.48,0.52,0.48,0.63,0.43,0.41,0.43,0.52,0.46,0.63,0.48,0.35,2.0
0.46,0.17,0.46,0.26,0.5,0.28,0.52,0.33,0.48,0.33,0.43,0.26,0.39,0.3,0.37,0.33,0.48,0.41,0.48,0.52,0.5,0.63,0.43,0.39,0.43,0.5,0.46,0.63,0.46,0.35,2.0
0.48,0.17,0.46,0.26,0.5,0.28,0.52,0.33,0.5,0.3,0.41,0.26,0.37,0.28,0.39,0.28,0.46,0.41,0.48,0.52,0.48,0.63,0.41,0.41,0.43,0.52,0.46,0.63,0.46,0.35,2.0
0.48,0.17,0.46,0.26,0.5,0.28,0.52,0.3,0.52,0.24,0.41,0.26,0.37,0.26,0.39,0.26,0.46,0.39,0.48,0.52,0.48,0.63,0.41,0.39,0.43,0.5,0.46,0.63,0.43,0.33,2.0
0.48,0.17,0.46,0.28,0.48,0.3,0.5,0.3,0.48,0.3,0.41,0.26,0.37,0.26,0.37,0.26,0.46,0.41,0.46,0.52,0.48,0.61,0.41,0.41,0.43,0.52,0.46,0.63,0.43,0.35,2.0
0.46,0.2,0.46,0.26,0.48,0.28,0.52,0.28,0.5,0.24,0.41,0.26,0.37,0.24,0.37,0.24,0.46,0.41,0.46,0.5,0.48,0.61,0.41,0.41,0.43,0.52,0.46,0.61,0.43,0.35,2.0
0.48,0.26,0.43,0.3,0.46,0.3,0.0,0.0,0.0,0.0,0.39,0.26,0.46,0.26,0.0,0.0,0.43,0.39,0.43,0.52,0.46,0.63,0.41,0.35,0.43,0.52,0.46,0.63,0.37,0.33,2.0
0.48,0.26,0.35,0.33,0.37,0.26,0.0,0.0,0.0,0.0,0.37,0.26,0.48,0.5,0.0,0.0,0.43,0.37,0.0,0.0,0.0,0.0,0.46,0.39,0.0,0.0,0.0,0.0,0.39,0.33,2.0
0.48,0.28,0.43,0.3,0.43,0.3,0.48,0.5,0.0,0.0,0.37,0.28,0.48,0.5,0.35,0.3,0.41,0.37,0.0,0.0,0.0,0.0,0.41,0.39,0.0,0.0,0.0,0.0,0.39,0.33,2.0
0.46,0.26,0.43,0.35,0.41,0.3,0.5,0.3,0.0,0.0,0.35,0.3,0.33,0.46,0.0,0.0,0.46,0.33,0.0,0.0,0.0,0.0,0.0,0.0,0.0,0.0,0.0,0.0,0.39,0.35,2.0
0.37,0.28,0.39,0.35,0.41,0.3,0.33,0.48,0.0,0.0,0.35,0.33,0.35,0.41,0.0,0.0,0.41,0.41,0.41,0.5,0.46,0.59,0.39,0.41,0.43,0.52,0.46,0.61,0.39,0.37,2.0
0.0,0.0,0.35,0.39,0.41,0.33,0.0,0.0,0.0,0.0,0.28,0.37,0.0,0.0,0.0,0.0,0.46,0.35,0.0,0.0,0.0,0.0,0.0,0.0,0.0,0.0,0.0,0.0,0.39,0.37,2.0
0.39,0.26,0.37,0.33,0.41,0.35,0.35,0.35,0.33,0.35,0.35,0.33,0.28,0.35,0.35,0.33,0.39,0.41,0.41,0.5,0.46,0.57,0.39,0.43,0.41,0.5,0.46,0.57,0.39,0.37,2.0
0.39,0.3,0.37,0.39,0.35,0.39,0.28,0.37,0.0,0.0,0.35,0.37,0.39,0.3,0.37,0.3,0.39,0.41,0.0,0.0,0.0,0.0,0.39,0.41,0.0,0.0,0.0,0.0,0.37,0.37,2.0
0.41,0.33,0.33,0.37,0.33,0.39,0.39,0.35,0.0,0.0,0.33,0.37,0.26,0.35,0.35,0.3,0.37,0.52,0.0,0.0,0.0,0.0,0.37,0.52,0.0,0.0,0.0,0.0,0.35,0.41,2.0
0.41,0.33,0.33,0.37,0.33,0.39,0.0,0.0,0.0,0.0,0.33,0.37,0.33,0.33,0.35,0.3,0.37,0.54,0.41,0.67,0.0,0.0,0.37,0.54,0.0,0.0,0.0,0.0,0.37,0.48,2.0
0.33,0.3,0.39,0.37,0.37,0.39,0.35,0.35,0.39,0.5,0.37,0.37,0.33,0.33,0.33,0.35,0.48,0.48,0.0,0.0,0.0,0.0,0.48,0.48,0.0,0.0,0.0,0.0,0.43,0.43,2.0
0.35,0.3,0.37,0.37,0.35,0.37,0.0,0.0,0.0,0.0,0.37,0.37,0.0,0.0,0.35,0.3,0.39,0.59,0.0,0.0,0.0,0.0,0.41,0.52,0.0,0.0,0.0,0.0,0.41,0.46,2.0
0.35,0.28,0.37,0.37,0.35,0.39,0.35,0.35,0.33,0.35,0.37,0.37,0.35,0.35,0.35,0.3,0.5,0.48,0.0,0.0,0.0,0.0,0.48,0.48,0.0,0.0,0.0,0.0,0.46,0.43,3.0
0.0,0.0,0.39,0.37,0.37,0.35,0.35,0.35,0.33,0.33,0.39,0.35,0.35,0.35,0.35,0.3,0.5,0.46,0.0,0.0,0.0,0.0,0.48,0.48,0.0,0.0,0.0,0.0,0.46,0.43,3.0
0.33,0.28,0.39,0.37,0.37,0.37,0.0,0.0,0.33,0.33,0.37,0.37,0.35,0.33,0.35,0.3,0.48,0.48,0.0,0.0,0.0,0.0,0.46,0.48,0.0,0.0,0.0,0.0,0.43,0.43,3.0
0.33,0.28,0.37,0.37,0.35,0.37,0.0,0.0,0.33,0.33,0.37,0.37,0.35,0.33,0.35,0.3,0.5,0.48,0.0,0.0,0.0,0.0,0.48,0.48,0.0,0.0,0.0,0.0,0.43,0.43,3.0
0.35,0.28,0.39,0.37,0.37,0.37,0.3,0.35,0.33,0.33,0.39,0.37,0.35,0.33,0.35,0.3,0.5,0.48,0.0,0.0,0.0,0.0,0.48,0.48,0.0,0.0,0.0,0.0,0.43,0.43,3.0
0.24,0.33,0.37,0.37,0.37,0.35,0.35,0.35,0.33,0.33,0.37,0.37,0.26,0.35,0.35,0.3,0.52,0.48,0.0,0.0,0.0,0.0,0.48,0.48,0.0,0.0,0.0,0.0,0.46,0.43,3.0
0.0,0.0,0.37,0.37,0.35,0.37,0.33,0.41,0.33,0.33,0.37,0.37,0.26,0.35,0.35,0.3,0.5,0.48,0.0,0.0,0.0,0.0,0.48,0.48,0.0,0.0,0.0,0.0,0.46,0.43,3.0
0.0,0.0,0.37,0.37,0.37,0.35,0.26,0.35,0.33,0.33,0.39,0.37,0.26,0.35,0.35,0.3,0.0,0.0,0.0,0.0,0.0,0.0,0.0,0.0,0.0,0.0,0.0,0.0,0.43,0.43,3.0
0.39,0.3,0.35,0.37,0.35,0.37,0.3,0.35,0.33,0.33,0.37,0.37,0.26,0.35,0.35,0.3,0.43,0.5,0.0,0.0,0.0,0.0,0.43,0.5,0.0,0.0,0.0,0.0,0.41,0.46,3.0
0.35,0.3,0.37,0.37,0.37,0.37,0.35,0.35,0.33,0.33,0.39,0.37,0.26,0.35,0.35,0.3,0.5,0.48,0.0,0.0,0.0,0.0,0.46,0.5,0.0,0.0,0.0,0.0,0.43,0.43,3.0
0.41,0.3,0.35,0.37,0.35,0.37,0.28,0.37,0.33,0.33,0.37,0.37,0.35,0.3,0.35,0.3,0.43,0.52,0.0,0.0,0.0,0.0,0.41,0.5,0.0,0.0,0.0,0.0,0.41,0.46,3.0
0.35,0.3,0.37,0.37,0.37,0.37,0.0,0.0,0.33,0.33,0.39,0.37,0.35,0.33,0.35,0.3,0.39,0.39,0.0,0.0,0.0,0.0,0.43,0.5,0.0,0.0,0.0,0.0,0.41,0.46,3.0
0.35,0.3,0.37,0.37,0.37,0.37,0.3,0.39,0.33,0.33,0.39,0.37,0.26,0.37,0.35,0.3,0.48,0.48,0.0,0.0,0.0,0.0,0.43,0.48,0.0,0.0,0.0,0.0,0.43,0.43,3.0
0.35,0.3,0.37,0.37,0.37,0.37,0.35,0.35,0.33,0.33,0.39,0.37,0.26,0.37,0.35,0.3,0.46,0.52,0.0,0.0,0.0,0.0,0.43,0.52,0.0,0.0,0.0,0.0,0.43,0.43,3.0
0.35,0.3,0.39,0.37,0.37,0.37,0.35,0.37,0.33,0.33,0.39,0.37,0.0,0.0,0.35,0.3,0.46,0.52,0.0,0.0,0.0,0.0,0.43,0.5,0.5,0.46,0.0,0.0,0.43,0.43,3.0
0.35,0.3,0.39,0.37,0.37,0.39,0.35,0.35,0.33,0.33,0.39,0.39,0.26,0.35,0.35,0.3,0.43,0.52,0.0,0.0,0.0,0.0,0.43,0.5,0.5,0.46,0.0,0.0,0.43,0.43,3.0
0.35,0.3,0.39,0.37,0.37,0.39,0.3,0.39,0.35,0.33,0.39,0.39,0.35,0.33,0.35,0.3,0.46,0.5,0.0,0.0,0.0,0.0,0.43,0.52,0.0,0.0,0.0,0.0,0.41,0.43,3.0
0.35,0.3,0.39,0.37,0.37,0.39,0.35,0.35,0.35,0.33,0.39,0.39,0.35,0.33,0.35,0.3,0.46,0.52,0.0,0.0,0.0,0.0,0.43,0.52,0.0,0.0,0.0,0.0,0.43,0.43,3.0
0.35,0.3,0.39,0.37,0.37,0.39,0.35,0.35,0.35,0.33,0.39,0.37,0.26,0.37,0.35,0.3,0.46,0.52,0.0,0.0,0.0,0.0,0.43,0.5,0.0,0.0,0.0,0.0,0.41,0.43,3.0
0.35,0.3,0.39,0.37,0.37,0.39,0.35,0.35,0.35,0.33,0.39,0.37,0.35,0.33,0.35,0.3,0.48,0.48,0.0,0.0,0.0,0.0,0.43,0.48,0.0,0.0,0.0,0.0,0.43,0.43,3.0
0.41,0.3,0.37,0.37,0.37,0.37,0.0,0.0,0.35,0.33,0.39,0.37,0.26,0.37,0.35,0.3,0.41,0.5,0.0,0.0,0.0,0.0,0.43,0.5,0.0,0.0,0.0,0.0,0.41,0.43,3.0
0.0,0.0,0.39,0.37,0.37,0.37,0.35,0.35,0.33,0.33,0.37,0.39,0.35,0.33,0.0,0.0,0.46,0.52,0.0,0.0,0.0,0.0,0.43,0.52,0.0,0.0,0.0,0.0,0.43,0.43,3.0
0.33,0.3,0.39,0.37,0.37,0.39,0.35,0.35,0.35,0.33,0.39,0.39,0.35,0.33,0.35,0.3,0.46,0.52,0.0,0.0,0.0,0.0,0.43,0.5,0.0,0.0,0.0,0.0,0.43,0.43,3.0
0.0,0.0,0.39,0.37,0.37,0.37,0.35,0.35,0.33,0.33,0.39,0.37,0.26,0.37,0.35,0.3,0.48,0.48,0.0,0.0,0.0,0.0,0.48,0.48,0.0,0.0,0.0,0.0,0.43,0.41,3.0
0.35,0.3,0.39,0.37,0.37,0.39,0.35,0.35,0.35,0.33,0.39,0.39,0.35,0.33,0.35,0.3,0.46,0.52,0.0,0.0,0.46,0.52,0.43,0.5,0.5,0.46,0.0,0.0,0.41,0.43,3.0
0.0,0.0,0.37,0.37,0.37,0.35,0.35,0.35,0.33,0.33,0.39,0.39,0.26,0.37,0.0,0.0,0.46,0.54,0.0,0.0,0.0,0.0,0.43,0.52,0.0,0.0,0.0,0.0,0.43,0.43,3.0
0.35,0.3,0.39,0.37,0.37,0.39,0.35,0.35,0.33,0.33,0.39,0.39,0.41,0.46,0.35,0.3,0.43,0.48,0.0,0.0,0.46,0.52,0.43,0.48,0.0,0.0,0.0,0.0,0.41,0.43,3.0
0.0,0.0,0.39,0.37,0.37,0.35,0.35,0.35,0.33,0.33,0.39,0.39,0.26,0.37,0.0,0.0,0.46,0.48,0.0,0.0,0.0,0.0,0.46,0.48,0.0,0.0,0.0,0.0,0.41,0.43,3.0
0.35,0.3,0.39,0.37,0.37,0.39,0.3,0.39,0.33,0.33,0.39,0.39,0.26,0.35,0.35,0.3,0.48,0.48,0.0,0.0,0.0,0.0,0.48,0.46,0.0,0.0,0.0,0.0,0.41,0.43,3.0
0.0,0.0,0.37,0.37,0.37,0.35,0.0,0.0,0.33,0.33,0.37,0.37,0.26,0.37,0.0,0.0,0.41,0.43,0.0,0.0,0.46,0.54,0.43,0.46,0.0,0.0,0.46,0.54,0.41,0.41,3.0
0.35,0.3,0.39,0.37,0.37,0.39,0.3,0.41,0.33,0.33,0.39,0.37,0.26,0.35,0.35,0.3,0.46,0.54,0.0,0.0,0.0,0.0,0.43,0.48,0.0,0.0,0.0,0.0,0.41,0.43,3.0
0.0,0.0,0.37,0.37,0.37,0.37,0.35,0.35,0.35,0.33,0.39,0.39,0.26,0.35,0.0,0.0,0.39,0.41,0.0,0.0,0.46,0.52,0.48,0.46,0.0,0.0,0.46,0.52,0.41,0.43,3.0
0.35,0.3,0.39,0.37,0.37,0.39,0.37,0.35,0.35,0.33,0.39,0.39,0.35,0.33,0.35,0.3,0.48,0.48,0.0,0.0,0.46,0.52,0.48,0.48,0.5,0.46,0.0,0.0,0.43,0.43,3.0
0.0,0.0,0.37,0.37,0.37,0.35,0.35,0.35,0.35,0.33,0.39,0.37,0.26,0.37,0.0,0.0,0.46,0.54,0.0,0.0,0.0,0.0,0.43,0.5,0.0,0.0,0.0,0.0,0.41,0.43,3.0
0.35,0.3,0.39,0.37,0.37,0.39,0.35,0.35,0.35,0.33,0.39,0.39,0.35,0.33,0.35,0.3,0.48,0.48,0.0,0.0,0.46,0.52,0.48,0.46,0.5,0.46,0.46,0.52,0.43,0.43,3.0
0.33,0.3,0.39,0.37,0.37,0.37,0.5,0.33,0.33,0.33,0.37,0.39,0.33,0.33,0.0,0.0,0.5,0.48,0.0,0.0,0.0,0.0,0.46,0.5,0.0,0.0,0.0,0.0,0.43,0.43,3.0
0.35,0.3,0.39,0.37,0.37,0.39,0.28,0.39,0.33,0.33,0.39,0.37,0.35,0.33,0.35,0.3,0.5,0.46,0.0,0.0,0.0,0.0,0.48,0.48,0.0,0.0,0.0,0.0,0.41,0.43,3.0
0.0,0.0,0.39,0.37,0.39,0.35,0.0,0.0,0.0,0.0,0.39,0.37,0.0,0.0,0.0,0.0,0.46,0.54,0.37,0.33,0.0,0.0,0.48,0.48,0.37,0.35,0.0,0.0,0.43,0.43,3.0
0.35,0.3,0.39,0.37,0.37,0.39,0.3,0.39,0.35,0.33,0.39,0.39,0.33,0.33,0.35,0.3,0.48,0.48,0.0,0.0,0.0,0.0,0.48,0.48,0.0,0.0,0.0,0.0,0.43,0.43,3.0
0.0,0.0,0.37,0.37,0.37,0.37,0.3,0.41,0.33,0.33,0.39,0.37,0.0,0.0,0.35,0.3,0.5,0.48,0.0,0.0,0.0,0.0,0.46,0.48,0.0,0.0,0.0,0.0,0.41,0.43,3.0
0.35,0.3,0.39,0.37,0.37,0.39,0.3,0.41,0.33,0.33,0.39,0.39,0.0,0.0,0.35,0.3,0.41,0.5,0.0,0.0,0.0,0.0,0.43,0.48,0.48,0.43,0.0,0.0,0.41,0.43,3.0
0.0,0.0,0.41,0.37,0.37,0.35,0.0,0.0,0.0,0.0,0.37,0.39,0.0,0.0,0.0,0.0,0.5,0.48,0.0,0.0,0.0,0.0,0.48,0.48,0.0,0.0,0.0,0.0,0.43,0.41,3.0
0.35,0.3,0.39,0.37,0.37,0.39,0.0,0.0,0.0,0.0,0.39,0.39,0.41,0.48,0.35,0.3,0.46,0.54,0.0,0.0,0.0,0.0,0.43,0.48,0.0,0.0,0.0,0.0,0.41,0.43,3.0
0.0,0.0,0.39,0.37,0.37,0.35,0.0,0.0,0.0,0.0,0.39,0.37,0.0,0.0,0.0,0.0,0.5,0.48,0.37,0.35,0.0,0.0,0.46,0.48,0.0,0.0,0.0,0.0,0.46,0.41,3.0
0.35,0.3,0.39,0.37,0.37,0.39,0.35,0.35,0.35,0.33,0.39,0.39,0.35,0.33,0.35,0.3,0.43,0.48,0.0,0.0,0.0,0.0,0.48,0.48,0.5,0.46,0.0,0.0,0.43,0.43,3.0
0.0,0.0,0.41,0.37,0.37,0.35,0.35,0.35,0.0,0.0,0.37,0.39,0.0,0.0,0.0,0.0,0.41,0.43,0.0,0.0,0.0,0.0,0.43,0.46,0.0,0.0,0.0,0.0,0.46,0.41,3.0
0.33,0.3,0.39,0.37,0.37,0.37,0.35,0.37,0.35,0.33,0.39,0.37,0.26,0.35,0.35,0.3,0.48,0.48,0.0,0.0,0.46,0.52,0.48,0.46,0.5,0.46,0.46,0.52,0.41,0.43,3.0
0.0,0.0,0.41,0.35,0.37,0.35,0.35,0.33,0.33,0.33,0.39,0.37,0.26,0.35,0.0,0.0,0.48,0.46,0.0,0.0,0.46,0.52,0.48,0.46,0.0,0.0,0.46,0.54,0.43,0.41,3.0
0.35,0.3,0.39,0.37,0.37,0.39,0.3,0.39,0.33,0.33,0.39,0.37,0.26,0.35,0.35,0.3,0.48,0.48,0.0,0.0,0.0,0.0,0.43,0.5,0.0,0.0,0.0,0.0,0.41,0.43,3.0
0.0,0.0,0.39,0.37,0.37,0.37,0.35,0.35,0.35,0.33,0.37,0.39,0.26,0.35,0.35,0.3,0.46,0.54,0.0,0.0,0.0,0.0,0.43,0.52,0.0,0.0,0.0,0.0,0.41,0.43,3.0
0.35,0.3,0.37,0.37,0.37,0.37,0.0,0.0,0.33,0.33,0.37,0.37,0.35,0.33,0.35,0.3,0.48,0.48,0.0,0.0,0.0,0.0,0.43,0.5,0.0,0.0,0.0,0.0,0.43,0.43,3.0
0.0,0.0,0.37,0.37,0.37,0.35,0.0,0.0,0.0,0.0,0.39,0.37,0.26,0.37,0.0,0.0,0.48,0.48,0.0,0.0,0.0,0.0,0.46,0.48,0.0,0.0,0.0,0.0,0.41,0.43,3.0
0.35,0.3,0.39,0.37,0.37,0.37,0.3,0.41,0.33,0.33,0.39,0.39,0.41,0.48,0.35,0.3,0.43,0.52,0.0,0.0,0.0,0.0,0.43,0.5,0.0,0.0,0.0,0.0,0.41,0.43,3.0
0.0,0.0,0.39,0.37,0.37,0.37,0.35,0.35,0.33,0.33,0.39,0.37,0.26,0.37,0.0,0.0,0.46,0.54,0.0,0.0,0.46,0.52,0.48,0.48,0.0,0.0,0.0,0.0,0.43,0.43,3.0
0.35,0.3,0.39,0.39,0.37,0.39,0.28,0.39,0.33,0.33,0.39,0.39,0.43,0.46,0.35,0.3,0.43,0.52,0.0,0.0,0.0,0.0,0.43,0.5,0.0,0.0,0.0,0.0,0.41,0.43,3.0
0.0,0.0,0.39,0.37,0.37,0.37,0.0,0.0,0.0,0.0,0.39,0.39,0.0,0.0,0.0,0.0,0.46,0.54,0.37,0.35,0.0,0.0,0.46,0.5,0.0,0.0,0.0,0.0,0.43,0.43,3.0
0.35,0.3,0.39,0.37,0.37,0.39,0.35,0.35,0.33,0.33,0.39,0.39,0.35,0.33,0.35,0.3,0.41,0.48,0.0,0.0,0.0,0.0,0.48,0.48,0.5,0.46,0.0,0.0,0.41,0.43,3.0
0.35,0.3,0.37,0.37,0.37,0.39,0.0,0.0,0.33,0.33,0.39,0.37,0.35,0.33,0.35,0.3,0.48,0.48,0.0,0.0,0.0,0.0,0.46,0.5,0.0,0.0,0.0,0.0,0.43,0.43,3.0
0.35,0.3,0.37,0.37,0.37,0.37,0.37,0.35,0.35,0.33,0.39,0.37,0.35,0.33,0.35,0.3,0.46,0.54,0.0,0.0,0.46,0.54,0.43,0.5,0.0,0.0,0.0,0.0,0.41,0.46,3.0
0.0,0.0,0.39,0.37,0.37,0.37,0.3,0.41,0.33,0.33,0.39,0.37,0.26,0.37,0.0,0.0,0.5,0.48,0.0,0.0,0.0,0.0,0.46,0.48,0.0,0.0,0.0,0.0,0.43,0.43,3.0
0.0,0.0,0.39,0.37,0.37,0.35,0.35,0.35,0.33,0.33,0.39,0.37,0.26,0.37,0.0,0.0,0.48,0.48,0.0,0.0,0.0,0.0,0.46,0.5,0.0,0.0,0.0,0.0,0.43,0.43,3.0
0.0,0.0,0.39,0.39,0.37,0.37,0.0,0.0,0.0,0.0,0.39,0.39,0.0,0.0,0.0,0.0,0.46,0.54,0.37,0.35,0.46,0.52,0.48,0.48,0.0,0.0,0.46,0.52,0.43,0.46,3.0
0.0,0.0,0.39,0.37,0.37,0.37,0.35,0.35,0.33,0.33,0.39,0.37,0.0,0.0,0.33,0.3,0.43,0.52,0.0,0.0,0.0,0.0,0.43,0.5,0.5,0.46,0.0,0.0,0.43,0.43,3.0
0.0,0.0,0.37,0.37,0.37,0.37,0.35,0.35,0.35,0.33,0.39,0.39,0.26,0.35,0.0,0.0,0.46,0.54,0.0,0.0,0.0,0.0,0.43,0.52,0.0,0.0,0.46,0.52,0.41,0.46,3.0
0.41,0.3,0.37,0.37,0.37,0.37,0.3,0.39,0.35,0.33,0.39,0.37,0.0,0.0,0.35,0.3,0.43,0.52,0.0,0.0,0.0,0.0,0.43,0.5,0.5,0.46,0.0,0.0,0.41,0.43,3.0
0.0,0.0,0.37,0.37,0.37,0.37,0.35,0.35,0.33,0.33,0.39,0.39,0.26,0.37,0.0,0.0,0.43,0.54,0.37,0.35,0.0,0.0,0.43,0.54,0.0,0.0,0.46,0.52,0.41,0.46,3.0
0.43,0.33,0.37,0.37,0.37,0.37,0.3,0.41,0.35,0.33,0.39,0.37,0.41,0.48,0.35,0.3,0.43,0.54,0.0,0.0,0.46,0.54,0.43,0.5,0.0,0.0,0.46,0.54,0.41,0.46,3.0
0.0,0.0,0.37,0.37,0.37,0.35,0.3,0.41,0.35,0.33,0.39,0.37,0.26,0.37,0.35,0.3,0.43,0.48,0.0,0.0,0.0,0.0,0.43,0.48,0.0,0.0,0.43,0.52,0.41,0.43,3.0
0.0,0.0,0.39,0.37,0.37,0.37,0.35,0.35,0.35,0.33,0.39,0.37,0.35,0.33,0.0,0.0,0.46,0.54,0.0,0.0,0.0,0.0,0.43,0.52,0.5,0.46,0.0,0.0,0.43,0.43,3.0
0.0,0.0,0.37,0.37,0.37,0.37,0.35,0.35,0.33,0.33,0.39,0.37,0.0,0.0,0.0,0.0,0.43,0.54,0.0,0.0,0.46,0.52,0.43,0.5,0.0,0.0,0.46,0.52,0.41,0.43,3.0
0.33,0.3,0.37,0.37,0.37,0.39,0.35,0.35,0.33,0.33,0.39,0.39,0.35,0.3,0.35,0.3,0.46,0.54,0.0,0.0,0.0,0.0,0.43,0.52,0.0,0.0,0.0,0.0,0.41,0.46,3.0
0.0,0.0,0.39,0.37,0.37,0.37,0.35,0.35,0.35,0.33,0.39,0.39,0.43,0.5,0.0,0.0,0.46,0.54,0.0,0.0,0.0,0.0,0.43,0.52,0.0,0.0,0.0,0.0,0.41,0.46,3.0
0.43,0.33,0.35,0.37,0.35,0.37,0.3,0.41,0.0,0.0,0.37,0.37,0.0,0.0,0.35,0.3,0.41,0.46,0.0,0.0,0.46,0.54,0.43,0.48,0.0,0.0,0.46,0.54,0.41,0.43,3.0
0.0,0.0,0.39,0.37,0.37,0.37,0.35,0.35,0.33,0.33,0.39,0.39,0.0,0.0,0.0,0.0,0.48,0.48,0.0,0.0,0.0,0.0,0.48,0.48,0.0,0.0,0.0,0.0,0.43,0.43,3.0
0.33,0.3,0.39,0.37,0.37,0.37,0.35,0.35,0.35,0.33,0.39,0.37,0.26,0.35,0.35,0.3,0.46,0.54,0.0,0.0,0.0,0.0,0.43,0.5,0.5,0.46,0.0,0.0,0.41,0.43,3.0
0.0,0.0,0.37,0.37,0.37,0.35,0.0,0.0,0.0,0.0,0.39,0.39,0.26,0.37,0.0,0.0,0.43,0.52,0.0,0.0,0.0,0.0,0.43,0.52,0.0,0.0,0.0,0.0,0.41,0.43,3.0
0.0,0.0,0.37,0.37,0.37,0.37,0.35,0.35,0.33,0.33,0.39,0.39,0.33,0.33,0.35,0.3,0.48,0.48,0.0,0.0,0.0,0.0,0.43,0.5,0.0,0.0,0.0,0.0,0.43,0.43,3.0
0.0,0.0,0.39,0.37,0.37,0.37,0.35,0.35,0.33,0.33,0.39,0.39,0.0,0.0,0.0,0.0,0.46,0.54,0.0,0.0,0.0,0.0,0.43,0.52,0.0,0.0,0.0,0.0,0.43,0.43,3.0
0.0,0.0,0.37,0.37,0.37,0.37,0.0,0.0,0.35,0.33,0.39,0.39,0.0,0.0,0.35,0.3,0.5,0.48,0.0,0.0,0.0,0.0,0.46,0.5,0.0,0.0,0.0,0.0,0.43,0.46,3.0
0.0,0.0,0.39,0.37,0.37,0.37,0.0,0.0,0.33,0.33,0.39,0.39,0.26,0.37,0.0,0.0,0.46,0.54,0.0,0.0,0.0,0.0,0.48,0.48,0.0,0.0,0.0,0.0,0.41,0.43,3.0
0.35,0.3,0.39,0.37,0.37,0.37,0.28,0.37,0.33,0.33,0.39,0.37,0.26,0.37,0.35,0.3,0.43,0.52,0.0,0.0,0.0,0.0,0.43,0.52,0.5,0.46,0.0,0.0,0.41,0.43,3.0
0.0,0.0,0.37,0.37,0.37,0.37,0.3,0.41,0.33,0.33,0.39,0.39,0.26,0.37,0.0,0.0,0.46,0.54,0.0,0.0,0.0,0.0,0.43,0.52,0.0,0.0,0.0,0.0,0.41,0.46,3.0
0.35,0.3,0.37,0.37,0.37,0.39,0.3,0.39,0.33,0.33,0.39,0.39,0.35,0.33,0.35,0.3,0.43,0.52,0.0,0.0,0.0,0.0,0.43,0.52,0.5,0.46,0.0,0.0,0.41,0.43,3.0
0.0,0.0,0.37,0.37,0.37,0.37,0.3,0.41,0.33,0.33,0.39,0.37,0.0,0.0,0.0,0.0,0.5,0.48,0.0,0.0,0.0,0.0,0.48,0.48,0.0,0.0,0.0,0.0,0.43,0.43,3.0
0.35,0.3,0.39,0.37,0.37,0.39,0.35,0.35,0.35,0.33,0.39,0.39,0.35,0.33,0.35,0.3,0.46,0.52,0.0,0.0,0.0,0.0,0.46,0.52,0.0,0.0,0.0,0.0,0.43,0.43,3.0
0.0,0.0,0.37,0.37,0.37,0.37,0.52,0.3,0.33,0.33,0.39,0.39,0.33,0.3,0.0,0.0,0.46,0.54,0.0,0.0,0.0,0.0,0.43,0.52,0.0,0.0,0.0,0.0,0.41,0.46,3.0
0.35,0.3,0.37,0.37,0.37,0.39,0.35,0.35,0.35,0.33,0.39,0.37,0.35,0.33,0.35,0.3,0.46,0.54,0.0,0.0,0.0,0.0,0.43,0.52,0.5,0.46,0.0,0.0,0.41,0.43,3.0
0.0,0.0,0.37,0.37,0.37,0.37,0.35,0.35,0.35,0.33,0.39,0.37,0.26,0.37,0.0,0.0,0.43,0.54,0.0,0.0,0.46,0.54,0.43,0.54,0.0,0.0,0.46,0.54,0.41,0.43,3.0
0.35,0.3,0.37,0.37,0.37,0.37,0.35,0.35,0.35,0.33,0.39,0.37,0.35,0.33,0.35,0.3,0.48,0.48,0.0,0.0,0.0,0.0,0.43,0.5,0.5,0.46,0.0,0.0,0.41,0.43,3.0
0.0,0.0,0.37,0.37,0.37,0.37,0.35,0.33,0.33,0.33,0.39,0.39,0.26,0.37,0.0,0.0,0.46,0.54,0.0,0.0,0.0,0.0,0.46,0.54,0.0,0.0,0.0,0.0,0.41,0.46,3.0
0.35,0.3,0.39,0.37,0.37,0.39,0.35,0.35,0.35,0.33,0.39,0.39,0.35,0.33,0.35,0.3,0.46,0.52,0.0,0.0,0.0,0.0,0.43,0.52,0.0,0.0,0.0,0.0,0.43,0.43,3.0
0.35,0.3,0.37,0.37,0.37,0.37,0.3,0.41,0.33,0.33,0.39,0.39,0.26,0.37,0.35,0.3,0.46,0.54,0.0,0.0,0.0,0.0,0.43,0.52,0.0,0.0,0.0,0.0,0.41,0.46,3.0
0.35,0.3,0.39,0.37,0.37,0.39,0.35,0.35,0.33,0.33,0.39,0.37,0.35,0.33,0.35,0.3,0.48,0.48,0.0,0.0,0.0,0.0,0.46,0.5,0.5,0.46,0.0,0.0,0.43,0.43,3.0
0.35,0.3,0.39,0.37,0.37,0.39,0.0,0.0,0.33,0.33,0.39,0.39,0.35,0.3,0.0,0.0,0.46,0.54,0.0,0.0,0.0,0.0,0.46,0.52,0.0,0.0,0.0,0.0,0.43,0.46,3.0
0.35,0.3,0.39,0.37,0.37,0.39,0.35,0.35,0.33,0.33,0.39,0.39,0.35,0.33,0.0,0.0,0.46,0.54,0.0,0.0,0.0,0.0,0.43,0.52,0.0,0.0,0.0,0.0,0.43,0.43,3.0
0.35,0.3,0.39,0.37,0.37,0.39,0.37,0.37,0.33,0.33,0.39,0.37,0.35,0.33,0.35,0.3,0.46,0.54,0.0,0.0,0.0,0.0,0.43,0.52,0.5,0.46,0.0,0.0,0.43,0.43,3.0
0.35,0.3,0.39,0.37,0.37,0.39,0.35,0.35,0.41,0.52,0.39,0.39,0.41,0.46,0.35,0.3,0.48,0.48,0.0,0.0,0.0,0.0,0.43,0.5,0.0,0.0,0.0,0.0,0.43,0.43,3.0
0.0,0.0,0.37,0.37,0.37,0.35,0.0,0.0,0.0,0.0,0.39,0.37,0.26,0.35,0.0,0.0,0.48,0.48,0.37,0.35,0.0,0.0,0.43,0.5,0.37,0.35,0.0,0.0,0.41,0.43,3.0
0.35,0.3,0.37,0.37,0.37,0.37,0.35,0.35,0.33,0.33,0.39,0.37,0.35,0.33,0.35,0.3,0.48,0.48,0.0,0.0,0.0,0.0,0.46,0.5,0.0,0.0,0.0,0.0,0.43,0.43,3.0
0.33,0.3,0.39,0.37,0.37,0.39,0.35,0.35,0.35,0.33,0.39,0.39,0.41,0.48,0.43,0.54,0.46,0.54,0.0,0.0,0.0,0.0,0.43,0.52,0.0,0.0,0.46,0.54,0.41,0.46,3.0
0.35,0.3,0.39,0.37,0.37,0.39,0.35,0.35,0.33,0.35,0.39,0.39,0.35,0.33,0.33,0.33,0.46,0.54,0.0,0.0,0.0,0.0,0.43,0.52,0.0,0.0,0.0,0.0,0.43,0.46,3.0
0.0,0.0,0.39,0.37,0.37,0.37,0.35,0.35,0.35,0.33,0.39,0.39,0.0,0.0,0.0,0.0,0.46,0.54,0.0,0.0,0.0,0.0,0.48,0.48,0.5,0.46,0.46,0.54,0.43,0.43,3.0
0.33,0.3,0.39,0.37,0.37,0.39,0.35,0.35,0.33,0.33,0.39,0.39,0.35,0.33,0.0,0.0,0.43,0.52,0.0,0.0,0.0,0.0,0.43,0.52,0.0,0.0,0.46,0.54,0.41,0.46,3.0
0.0,0.0,0.37,0.37,0.37,0.35,0.0,0.0,0.33,0.33,0.39,0.37,0.26,0.37,0.0,0.0,0.43,0.52,0.0,0.0,0.46,0.54,0.43,0.52,0.0,0.0,0.43,0.54,0.41,0.46,3.0
0.33,0.3,0.37,0.37,0.37,0.37,0.35,0.35,0.33,0.33,0.39,0.39,0.35,0.3,0.0,0.0,0.43,0.52,0.0,0.0,0.0,0.0,0.43,0.5,0.0,0.0,0.0,0.0,0.41,0.46,3.0
0.0,0.0,0.39,0.37,0.37,0.37,0.0,0.0,0.0,0.0,0.39,0.39,0.41,0.48,0.0,0.0,0.43,0.52,0.0,0.0,0.46,0.52,0.43,0.52,0.0,0.0,0.46,0.54,0.41,0.46,3.0
0.33,0.3,0.39,0.37,0.37,0.39,0.35,0.35,0.35,0.33,0.39,0.39,0.35,0.33,0.41,0.54,0.43,0.52,0.0,0.0,0.0,0.0,0.43,0.52,0.0,0.0,0.0,0.0,0.43,0.43,3.0
0.35,0.28,0.37,0.37,0.37,0.37,0.3,0.41,0.33,0.33,0.39,0.39,0.41,0.48,0.0,0.0,0.43,0.54,0.0,0.0,0.0,0.0,0.43,0.54,0.0,0.0,0.43,0.54,0.41,0.46,3.0
0.35,0.3,0.39,0.37,0.37,0.39,0.28,0.39,0.33,0.33,0.39,0.39,0.41,0.48,0.35,0.3,0.43,0.52,0.0,0.0,0.0,0.0,0.43,0.5,0.5,0.43,0.0,0.0,0.41,0.43,3.0
